id,business_name,category,city,country,phone,email,website,address,facebook,instagram,linkedin,rating,review_count,score,priority,lead_status,contactable,matched_services,reason,discovery_sources,created_at
1,Karachi Dentist Clinic,dentist,Karachi Division,Pakistan,,,,"Karachi Dentist Clinic, Landhi Road, Korangi, Karachi Division 74900, Pakistan",,,,,,40,WARM,needs_manual_lookup,False,"SEO, Social Media Marketing, Web Development","Priority WARM (Score 40/100): No active website found (+30); No active social media channels (+10). Recommended: [Web Development (no active website found), SEO (initial local search setup for new web build), Social Media Marketing (zero active social media presence)]. [Needs Manual Lookup: No direct phone or email found on public tags/pages].",geoapify,2026-08-18 11:05:34
2,Le Dentist,dentist,Karachi Division,Pakistan,,,,"Le Dentist, Karachi Division 75600, Pakistan",,,,,,40,WARM,needs_manual_lookup,False,"SEO, Social Media Marketing, Web Development","Priority WARM (Score 40/100): No active website found (+30); No active social media channels (+10). Recommended: [Web Development (no active website found), SEO (initial local search setup for new web build), Social Media Marketing (zero active social media presence)]. [Needs Manual Lookup: No direct phone or email found on public tags/pages].",geoapify,2026-08-18 11:05:34
3,CosmoDent Clinics - Dental Clinic,dentist,Karachi Division,Pakistan,,,,"CosmoDent Clinics - Dental Clinic, Union Road 1, Muslimabad, Karachi Division 75460, Pakistan",,,,,,40,WARM,needs_manual_lookup,False,"SEO, Social Media Marketing, Web Development","Priority WARM (Score 40/100): No active website found (+30); No active social media channels (+10). Recommended: [Web Development (no active website found), SEO (initial local search setup for new web build), Social Media Marketing (zero active social media presence)]. [Needs Manual Lookup: No direct phone or email found on public tags/pages].",geoapify,2026-08-18 11:05:34
4,Dental Zone,dentist,Karachi Division,Pakistan,,,,"Dental Zone, Rashid Minhas Road, Shanti Nagar, Karachi Division 47000, Pakistan",,,,,,40,WARM,needs_manual_lookup,False,"SEO, Social Media Marketing, Web Development","Priority WARM (Score 40/100): No active website found (+30); No active social media channels (+10). Recommended: [Web Development (no active website found), SEO (initial local search setup for new web build), Social Media Marketing (zero active social media presence)]. [Needs Manual Lookup: No direct phone or email found on public tags/pages].",geoapify,2026-08-18 11:05:34
5,Dr. Shaista Dental Clinic,dentist,Karachi Division,Pakistan,,,,"Dr. Shaista Dental Clinic, Yasin Malik Road, Hyderi Memorial Market, Karachi Division 74700, Pakistan",,,,,,40,WARM,needs_manual_lookup,False,"SEO, Social Media Marketing, Web Development","Priority WARM (Score 40/100): No active website found (+30); No active social media channels (+10). Recommended: [Web Development (no active website found), SEO (initial local search setup for new web build), Social Media Marketing (zero active social media presence)]. [Needs Manual Lookup: No direct phone or email found on public tags/pages].",geoapify,2026-08-18 11:05:34
6,Dental Clinic,dentist,Karachi Division,Pakistan,,,,"Dental Clinic, Nawab Siddique Ali Khan Road, Karachi Division 74700, Pakistan",,,,,,40,WARM,needs_manual_lookup,False,"SEO, Social Media Marketing, Web Development","Priority WARM (Score 40/100): No active website found (+30); No active social media channels (+10). Recommended: [Web Development (no active website found), SEO (initial local search setup for new web build), Social Media Marketing (zero active social media presence)]. [Needs Manual Lookup: No direct phone or email found on public tags/pages].",geoapify,2026-08-18 11:05:34
7,Dr Zia's Dental Care,dentist,Karachi Division,Pakistan,,,,"Dr Zia's Dental Care, Karachi Division 74700, Pakistan",,,,,,40,WARM,needs_manual_lookup,False,"SEO, Social Media Marketing, Web Development","Priority WARM (Score 40/100): No active website found (+30); No active social media channels (+10). Recommended: [Web Development (no active website found), SEO (initial local search setup for new web build), Social Media Marketing (zero active social media presence)]. [Needs Manual Lookup: No direct phone or email found on public tags/pages].",geoapify,2026-08-18 11:05:34
8,Muntaha Dental Care,dentist,Karachi Division,Pakistan,,,,"Muntaha Dental Care, Olympian Islah Uddin Road, Karachi Division 73500, Pakistan",,,,,,40,WARM,needs_manual_lookup,False,"SEO, Social Media Marketing, Web Development","Priority WARM (Score 40/100): No active website found (+30); No active social media channels (+10). Recommended: [Web Development (no active website found), SEO (initial local search setup for new web build), Social Media Marketing (zero active social media presence)]. [Needs Manual Lookup: No direct phone or email found on public tags/pages].",geoapify,2026-08-18 11:05:34
9,Teeth Care,dentist,Karachi Division,Pakistan,,,,"Teeth Care, Shahrah-e-Ismail Shaheed, FB Area Block 1, Karachi Division 75900, Pakistan",,,,,,40,WARM,needs_manual_lookup,False,"SEO, Social Media Marketing, Web Development","Priority WARM (Score 40/100): No active website found (+30); No active social media channels (+10). Recommended: [Web Development (no active website found), SEO (initial local search setup for new web build), Social Media Marketing (zero active social media presence)]. [Needs Manual Lookup: No direct phone or email found on public tags/pages].",geoapify,2026-08-18 11:05:34
10,Altamash Dental Hospital,dentist,Karachi Division,Pakistan,+922135821955,info@altamash.edu.pk,https://www.altamash.edu.pk/,"Altamash Dental Hospital, 2R Sunset Boulevard, Zamzama, Karachi Division 75220, Pakistan",,,,,,25,COLD,actionable,True,"AI Automation, Google Ads, SEO, Social Media Marketing, Web App Development","Priority COLD (Score 25/100): SEO defects detected (multiple_h1) (+15); No active social media channels (+10). Recommended: [SEO (technical defects: multiple_h1), Google Ads (paid search recovery for organic search/review gaps), Social Media Marketing (zero active social media presence), AI Automation (missing automated booking/inquiry workflows), Web App Development (clinical/transactional workflow portal)]. [Actionable: Direct Phone, Email available for outreach].",geoapify,2026-08-18 11:05:34
11,VIP China Dental Clinic,dentist,Karachi Division,Pakistan,,,,"VIP China Dental Clinic, Shahrah-e-Liaquat (Frere Road), Fowler Lines, Karachi Division 75530, Pakistan",,,,,,40,WARM,needs_manual_lookup,False,"SEO, Social Media Marketing, Web Development","Priority WARM (Score 40/100): No active website found (+30); No active social media channels (+10). Recommended: [Web Development (no active website found), SEO (initial local search setup for new web build), Social Media Marketing (zero active social media presence)]. [Needs Manual Lookup: No direct phone or email found on public tags/pages].",geoapify,2026-08-18 11:05:34
12,Amal dental clinic,dentist,Karachi Division,Pakistan,,,,"Amal dental clinic, Qari Zahir Qasmi Road, Karachi Division 74700, Pakistan",,,,,,40,WARM,needs_manual_lookup,False,"SEO, Social Media Marketing, Web Development","Priority WARM (Score 40/100): No active website found (+30); No active social media channels (+10). Recommended: [Web Development (no active website found), SEO (initial local search setup for new web build), Social Media Marketing (zero active social media presence)]. [Needs Manual Lookup: No direct phone or email found on public tags/pages].",geoapify,2026-08-18 11:05:34
13,Ameen Medical & Dental Center,dentist,Karachi Division,Pakistan,,,,"Ameen Medical & Dental Center, Shahrah-e-Aurangzeb, Karachi Division 75850, Pakistan",,,,,,40,WARM,needs_manual_lookup,False,"SEO, Social Media Marketing, Web Development","Priority WARM (Score 40/100): No active website found (+30); No active social media channels (+10). Recommended: [Web Development (no active website found), SEO (initial local search setup for new web build), Social Media Marketing (zero active social media presence)]. [Needs Manual Lookup: No direct phone or email found on public tags/pages].",geoapify,2026-08-18 11:05:34
14,Dental Care Solution,dentist,Karachi Division,Pakistan,,,,"Dental Care Solution, Rashid Minhas Road, Karachi Division 47000, Pakistan",,,,,,40,WARM,needs_manual_lookup,False,"SEO, Social Media Marketing, Web Development","Priority WARM (Score 40/100): No active website found (+30); No active social media channels (+10). Recommended: [Web Development (no active website found), SEO (initial local search setup for new web build), Social Media Marketing (zero active social media presence)]. [Needs Manual Lookup: No direct phone or email found on public tags/pages].",geoapify,2026-08-18 11:05:34
15,Isa Jaffer Dental Clinic,dentist,Karachi Division,Pakistan,,,,"Isa Jaffer Dental Clinic, V28F+VJ Agha Khan III Road (Garden Road), Fowler Lines, Karachi Division 74550, Pakistan",,,,,,40,WARM,needs_manual_lookup,False,"SEO, Social Media Marketing, Web Development","Priority WARM (Score 40/100): No active website found (+30); No active social media channels (+10). Recommended: [Web Development (no active website found), SEO (initial local search setup for new web build), Social Media Marketing (zero active social media presence)]. [Needs Manual Lookup: No direct phone or email found on public tags/pages].",geoapify,2026-08-18 11:05:34
16,Al-Umer Dental Supply,dentist,Karachi Division,Pakistan,,,,"Al-Umer Dental Supply, Church Street, Fowler Lines, Karachi Division 77440, Pakistan",,,,,,40,WARM,needs_manual_lookup,False,"SEO, Social Media Marketing, Web Development","Priority WARM (Score 40/100): No active website found (+30); No active social media channels (+10). Recommended: [Web Development (no active website found), SEO (initial local search setup for new web build), Social Media Marketing (zero active social media presence)]. [Needs Manual Lookup: No direct phone or email found on public tags/pages].",geoapify,2026-08-18 11:05:34
17,Modern Dental Clinic,dentist,Karachi Division,Pakistan,,,,"Modern Dental Clinic, V28F+XJG Agha Khan III Road (Garden Road), Fowler Lines, Karachi Division 74550, Pakistan",,,,,,40,WARM,needs_manual_lookup,False,"SEO, Social Media Marketing, Web Development","Priority WARM (Score 40/100): No active website found (+30); No active social media channels (+10). Recommended: [Web Development (no active website found), SEO (initial local search setup for new web build), Social Media Marketing (zero active social media presence)]. [Needs Manual Lookup: No direct phone or email found on public tags/pages].",geoapify,2026-08-18 11:05:34
18,Dr. Shah Faisal Dental Clinic,dentist,Karachi Division,Pakistan,,,,"Dr. Shah Faisal Dental Clinic, Olympian Islah Uddin Road, Karachi Division 73500, Pakistan",,,,,,40,WARM,needs_manual_lookup,False,"SEO, Social Media Marketing, Web Development","Priority WARM (Score 40/100): No active website found (+30); No active social media channels (+10). Recommended: [Web Development (no active website found), SEO (initial local search setup for new web build), Social Media Marketing (zero active social media presence)]. [Needs Manual Lookup: No direct phone or email found on public tags/pages].",geoapify,2026-08-18 11:05:34
19,Mahad & Huzaifa Dental Clinic,dentist,Karachi Division,Pakistan,,,,"Mahad & Huzaifa Dental Clinic, National Highway, Karachi Division 75120, Pakistan",,,,,,40,WARM,needs_manual_lookup,False,"SEO, Social Media Marketing, Web Development","Priority WARM (Score 40/100): No active website found (+30); No active social media channels (+10). Recommended: [Web Development (no active website found), SEO (initial local search setup for new web build), Social Media Marketing (zero active social media presence)]. [Needs Manual Lookup: No direct phone or email found on public tags/pages].",geoapify,2026-08-18 11:05:34
20,Aftab Dental Clinic,dentist,Karachi,PK,,,,Shahrah e Faisal,,,,,,40,WARM,needs_manual_lookup,False,"SEO, Social Media Marketing, Web Development","Priority WARM (Score 40/100): No active website found (+30); No active social media channels (+10). Recommended: [Web Development (no active website found), SEO (initial local search setup for new web build), Social Media Marketing (zero active social media presence)]. [Needs Manual Lookup: No direct phone or email found on public tags/pages].",osm,2026-08-18 11:07:30
21,Dental Clinic (Dr Hammad Yousuf),dentist,Karachi,PK,,,,Alamgir Road,,,,,,40,WARM,needs_manual_lookup,False,"SEO, Social Media Marketing, Web Development","Priority WARM (Score 40/100): No active website found (+30); No active social media channels (+10). Recommended: [Web Development (no active website found), SEO (initial local search setup for new web build), Social Media Marketing (zero active social media presence)]. [Needs Manual Lookup: No direct phone or email found on public tags/pages].",osm,2026-08-18 11:07:30
22,Asif Dental Clinic,dentist,Karachi,PK,,,,Sohail Abbas Road,,,,,,40,WARM,needs_manual_lookup,False,"SEO, Social Media Marketing, Web Development","Priority WARM (Score 40/100): No active website found (+30); No active social media channels (+10). Recommended: [Web Development (no active website found), SEO (initial local search setup for new web build), Social Media Marketing (zero active social media presence)]. [Needs Manual Lookup: No direct phone or email found on public tags/pages].",osm,2026-08-18 11:07:30
23,Dr Zia's Dental Care,dentist,Karachi,PK,,,,North Nazimabad Block M,,,,,,40,WARM,needs_manual_lookup,False,"SEO, Social Media Marketing, Web Development","Priority WARM (Score 40/100): No active website found (+30); No active social media channels (+10). Recommended: [Web Development (no active website found), SEO (initial local search setup for new web build), Social Media Marketing (zero active social media presence)]. [Needs Manual Lookup: No direct phone or email found on public tags/pages].",osm,2026-08-18 11:07:30
24,Yahoshi Waheed Dental Clinic,dentist,Karachi,PK,,,,,,,,,,40,WARM,needs_manual_lookup,False,"SEO, Social Media Marketing, Web Development","Priority WARM (Score 40/100): No active website found (+30); No active social media channels (+10). Recommended: [Web Development (no active website found), SEO (initial local search setup for new web build), Social Media Marketing (zero active social media presence)]. [Needs Manual Lookup: No direct phone or email found on public tags/pages].",osm,2026-08-18 11:07:30
25,F. C. Phen Dental Clinic,dentist,Karachi,PK,,,,,,,,,,40,WARM,needs_manual_lookup,False,"SEO, Social Media Marketing, Web Development","Priority WARM (Score 40/100): No active website found (+30); No active social media channels (+10). Recommended: [Web Development (no active website found), SEO (initial local search setup for new web build), Social Media Marketing (zero active social media presence)]. [Needs Manual Lookup: No direct phone or email found on public tags/pages].",osm,2026-08-18 11:07:30
26,VIP China Dental Clinic,dentist,Karachi,PK,,,,,,,,,,40,WARM,needs_manual_lookup,False,"SEO, Social Media Marketing, Web Development","Priority WARM (Score 40/100): No active website found (+30); No active social media channels (+10). Recommended: [Web Development (no active website found), SEO (initial local search setup for new web build), Social Media Marketing (zero active social media presence)]. [Needs Manual Lookup: No direct phone or email found on public tags/pages].",osm,2026-08-18 11:07:30
27,Hu Dental Clinic,dentist,Karachi,PK,,,,,,,,,,40,WARM,needs_manual_lookup,False,"SEO, Social Media Marketing, Web Development","Priority WARM (Score 40/100): No active website found (+30); No active social media channels (+10). Recommended: [Web Development (no active website found), SEO (initial local search setup for new web build), Social Media Marketing (zero active social media presence)]. [Needs Manual Lookup: No direct phone or email found on public tags/pages].",osm,2026-08-18 11:07:30
28,Chinese Dental Clinic,dentist,Karachi,PK,,,,,,,,,,40,WARM,needs_manual_lookup,False,"SEO, Social Media Marketing, Web Development","Priority WARM (Score 40/100): No active website found (+30); No active social media channels (+10). Recommended: [Web Development (no active website found), SEO (initial local search setup for new web build), Social Media Marketing (zero active social media presence)]. [Needs Manual Lookup: No direct phone or email found on public tags/pages].",osm,2026-08-18 11:07:30
29,M. Sarwar Dental Clinic,dentist,Karachi,PK,,,,,,,,,,40,WARM,needs_manual_lookup,False,"SEO, Social Media Marketing, Web Development","Priority WARM (Score 40/100): No active website found (+30); No active social media channels (+10). Recommended: [Web Development (no active website found), SEO (initial local search setup for new web build), Social Media Marketing (zero active social media presence)]. [Needs Manual Lookup: No direct phone or email found on public tags/pages].",osm,2026-08-18 11:07:30
30,Dow International Dental Hospital,dentist,Karachi,PK,,,,,,,,,,40,WARM,needs_manual_lookup,False,"SEO, Social Media Marketing, Web Development","Priority WARM (Score 40/100): No active website found (+30); No active social media channels (+10). Recommended: [Web Development (no active website found), SEO (initial local search setup for new web build), Social Media Marketing (zero active social media presence)]. [Needs Manual Lookup: No direct phone or email found on public tags/pages].",osm,2026-08-18 11:07:30
31,Gohar Dental and Medical Centre,dentist,Karachi,PK,,,,"R-26, Gulshan-e-Waseem Sector 16 A Buffer Zone",,,,,,40,WARM,needs_manual_lookup,False,"SEO, Social Media Marketing, Web Development","Priority WARM (Score 40/100): No active website found (+30); No active social media channels (+10). Recommended: [Web Development (no active website found), SEO (initial local search setup for new web build), Social Media Marketing (zero active social media presence)]. [Needs Manual Lookup: No direct phone or email found on public tags/pages].",osm,2026-08-18 11:07:30
32,S.S Dental Clinic( Dr Sehrish Shahzad),dentist,Karachi,PK,,,,"V5J5+P8X, Green Town Asif Rd, Green Town Shah Faisal Colony, Karachi,",,,,,,40,WARM,needs_manual_lookup,False,"SEO, Social Media Marketing, Web Development","Priority WARM (Score 40/100): No active website found (+30); No active social media channels (+10). Recommended: [Web Development (no active website found), SEO (initial local search setup for new web build), Social Media Marketing (zero active social media presence)]. [Needs Manual Lookup: No direct phone or email found on public tags/pages].",osm,2026-08-18 11:07:30
33,Ameen Medical & Dental Center,dentist,Karachi,PK,,,,"Plot B-277 Near D.C Office Central, Shahjahan Ave, Block N North Nazimabad Town",,,,,,40,WARM,needs_manual_lookup,False,"SEO, Social Media Marketing, Web Development","Priority WARM (Score 40/100): No active website found (+30); No active social media channels (+10). Recommended: [Web Development (no active website found), SEO (initial local search setup for new web build), Social Media Marketing (zero active social media presence)]. [Needs Manual Lookup: No direct phone or email found on public tags/pages].",osm,2026-08-18 11:07:30
34,Iftikhar Dental Lab,dentist,Karachi,PK,,,,"No 5, Road, Sector 15-A/2 Sector 15 A 2 Buffer Zone",,,,,,40,WARM,needs_manual_lookup,False,"SEO, Social Media Marketing, Web Development","Priority WARM (Score 40/100): No active website found (+30); No active social media channels (+10). Recommended: [Web Development (no active website found), SEO (initial local search setup for new web build), Social Media Marketing (zero active social media presence)]. [Needs Manual Lookup: No direct phone or email found on public tags/pages].",osm,2026-08-18 11:07:30
35,Teeth Care,dentist,کراچی,PK,,,,"Humayun Ave, Block 3, Federal B Area",,,,,,40,WARM,needs_manual_lookup,False,"SEO, Social Media Marketing, Web Development","Priority WARM (Score 40/100): No active website found (+30); No active social media channels (+10). Recommended: [Web Development (no active website found), SEO (initial local search setup for new web build), Social Media Marketing (zero active social media presence)]. [Needs Manual Lookup: No direct phone or email found on public tags/pages].",osm,2026-08-18 11:07:30
36,Warsi Dental Clinic,dentist,Karachi,PK,,,,"X349+8PF, 1st St, Sector 15-A/5 Sector 15 A 5 Buffer Zone",,,,,,40,WARM,needs_manual_lookup,False,"SEO, Social Media Marketing, Web Development","Priority WARM (Score 40/100): No active website found (+30); No active social media channels (+10). Recommended: [Web Development (no active website found), SEO (initial local search setup for new web build), Social Media Marketing (zero active social media presence)]. [Needs Manual Lookup: No direct phone or email found on public tags/pages].",osm,2026-08-18 11:07:30
37,Dento Care,dentist,Karachi,PK,,,,"Shop 1/2, ali Square, Federal B Area Block 7 Gulberg Town",,,,,,40,WARM,needs_manual_lookup,False,"SEO, Social Media Marketing, Web Development","Priority WARM (Score 40/100): No active website found (+30); No active social media channels (+10). Recommended: [Web Development (no active website found), SEO (initial local search setup for new web build), Social Media Marketing (zero active social media presence)]. [Needs Manual Lookup: No direct phone or email found on public tags/pages].",osm,2026-08-18 11:07:30
38,The Dental Clinic,dentist,Karachi,PK,,,,"Plot CS 31,, Block 7 Naseerabad Block 14 Gulberg Town",,,,,,40,WARM,needs_manual_lookup,False,"SEO, Social Media Marketing, Web Development","Priority WARM (Score 40/100): No active website found (+30); No active social media channels (+10). Recommended: [Web Development (no active website found), SEO (initial local search setup for new web build), Social Media Marketing (zero active social media presence)]. [Needs Manual Lookup: No direct phone or email found on public tags/pages].",osm,2026-08-18 11:07:30
39,Karachi Dental Care,dentist,Karachi,PK,,,,"13 Shop No.7, Yousuf Arcade SC-13 Block ""L"" North Nazimabad",,,,,,40,WARM,needs_manual_lookup,False,"SEO, Social Media Marketing, Web Development","Priority WARM (Score 40/100): No active website found (+30); No active social media channels (+10). Recommended: [Web Development (no active website found), SEO (initial local search setup for new web build), Social Media Marketing (zero active social media presence)]. [Needs Manual Lookup: No direct phone or email found on public tags/pages].",osm,2026-08-18 11:07:30
40,North Carolina Dental Rahman And Rahman,dentist,Karachi,PK,,,,"Rojhan Street, Clifton",,,,,,40,WARM,needs_manual_lookup,False,"SEO, Social Media Marketing, Web Development","Priority WARM (Score 40/100): No active website found (+30); No active social media channels (+10). Recommended: [Web Development (no active website found), SEO (initial local search setup for new web build), Social Media Marketing (zero active social media presence)]. [Needs Manual Lookup: No direct phone or email found on public tags/pages].",osm,2026-08-18 11:11:31
41,Altamash Institute of Dental Medicine,dentist,Karachi,PK,,,,"Shahrah e Firdousi, Clifton",,,,,,40,WARM,needs_manual_lookup,False,"SEO, Social Media Marketing, Web Development","Priority WARM (Score 40/100): No active website found (+30); No active social media channels (+10). Recommended: [Web Development (no active website found), SEO (initial local search setup for new web build), Social Media Marketing (zero active social media presence)]. [Needs Manual Lookup: No direct phone or email found on public tags/pages].",osm,2026-08-18 11:11:31
42,Le Dentist,dentist,Karachi,PK,,,,,,,,,,40,WARM,needs_manual_lookup,False,"SEO, Social Media Marketing, Web Development","Priority WARM (Score 40/100): No active website found (+30); No active social media channels (+10). Recommended: [Web Development (no active website found), SEO (initial local search setup for new web build), Social Media Marketing (zero active social media presence)]. [Needs Manual Lookup: No direct phone or email found on public tags/pages].",osm,2026-08-18 11:11:31
43,Medident Clinics,dentist,Karachi,PK,,,,Khayaban-e-Shahbaz,,,,,,40,WARM,needs_manual_lookup,False,"SEO, Social Media Marketing, Web Development","Priority WARM (Score 40/100): No active website found (+30); No active social media channels (+10). Recommended: [Web Development (no active website found), SEO (initial local search setup for new web build), Social Media Marketing (zero active social media presence)]. [Needs Manual Lookup: No direct phone or email found on public tags/pages].",osm,2026-08-18 11:11:31
44,Dr Dental Surgery,dentist,Karachi,PK,,,,A Street,,,,,,40,WARM,needs_manual_lookup,False,"SEO, Social Media Marketing, Web Development","Priority WARM (Score 40/100): No active website found (+30); No active social media channels (+10). Recommended: [Web Development (no active website found), SEO (initial local search setup for new web build), Social Media Marketing (zero active social media presence)]. [Needs Manual Lookup: No direct phone or email found on public tags/pages].",osm,2026-08-18 11:11:31
45,Ziauddin Dental OPD,dentist,Karachi,PK,,,,,,,,,,40,WARM,needs_manual_lookup,False,"SEO, Social Media Marketing, Web Development","Priority WARM (Score 40/100): No active website found (+30); No active social media channels (+10). Recommended: [Web Development (no active website found), SEO (initial local search setup for new web build), Social Media Marketing (zero active social media presence)]. [Needs Manual Lookup: No direct phone or email found on public tags/pages].",osm,2026-08-18 11:11:31
46,Dental Care,dentist,Karachi,PK,,,,"Nasir Colony Sector 32 E Korangi, Karachi",,,,,,40,WARM,needs_manual_lookup,False,"SEO, Social Media Marketing, Web Development","Priority WARM (Score 40/100): No active website found (+30); No active social media channels (+10). Recommended: [Web Development (no active website found), SEO (initial local search setup for new web build), Social Media Marketing (zero active social media presence)]. [Needs Manual Lookup: No direct phone or email found on public tags/pages].",osm,2026-08-18 11:11:31
47,Smilemaker Dental Practice,dentist,Greater London,United Kingdom,,,,"Smilemaker Dental Practice, Sevenoaks Road, London, BR6 9JJ, United Kingdom",,,,,,40,WARM,needs_manual_lookup,False,"SEO, Social Media Marketing, Web Development","Priority WARM (Score 40/100): No active website found (+30); No active social media channels (+10). Recommended: [Web Development (no active website found), SEO (initial local search setup for new web build), Social Media Marketing (zero active social media presence)]. [Needs Manual Lookup: No direct phone or email found on public tags/pages].",geoapify,2026-08-18 11:14:26
48,Hayes Dental Surgery,dentist,Greater London,United Kingdom,,,,"Hayes Dental Surgery, Pickhurst Lane, London, BR2 7JE, United Kingdom",,,,,,40,WARM,needs_manual_lookup,False,"SEO, Social Media Marketing, Web Development","Priority WARM (Score 40/100): No active website found (+30); No active social media channels (+10). Recommended: [Web Development (no active website found), SEO (initial local search setup for new web build), Social Media Marketing (zero active social media presence)]. [Needs Manual Lookup: No direct phone or email found on public tags/pages].",geoapify,2026-08-18 11:14:26
49,Bella Dental,dentist,Greater London,United Kingdom,,,,"Bella Dental, 52 High Street, London, BR1 1EG, United Kingdom",,,,,,40,WARM,needs_manual_lookup,False,"SEO, Social Media Marketing, Web Development","Priority WARM (Score 40/100): No active website found (+30); No active social media channels (+10). Recommended: [Web Development (no active website found), SEO (initial local search setup for new web build), Social Media Marketing (zero active social media presence)]. [Needs Manual Lookup: No direct phone or email found on public tags/pages].",geoapify,2026-08-18 11:14:26
50,Royal Dental Care,dentist,Greater London,United Kingdom,,,,"Royal Dental Care, Pallant Way, Orpington, BR6 8NP, United Kingdom",,,,,,40,WARM,needs_manual_lookup,False,"SEO, Social Media Marketing, Web Development","Priority WARM (Score 40/100): No active website found (+30); No active social media channels (+10). Recommended: [Web Development (no active website found), SEO (initial local search setup for new web build), Social Media Marketing (zero active social media presence)]. [Needs Manual Lookup: No direct phone or email found on public tags/pages].",geoapify,2026-08-18 11:14:26
51,Pickhurst Dental Care,dentist,Greater London,United Kingdom,,,,"Pickhurst Dental Care, Pickhurst Lane, London, BR2 0UD, United Kingdom",,,,,,40,WARM,needs_manual_lookup,False,"SEO, Social Media Marketing, Web Development","Priority WARM (Score 40/100): No active website found (+30); No active social media channels (+10). Recommended: [Web Development (no active website found), SEO (initial local search setup for new web build), Social Media Marketing (zero active social media presence)]. [Needs Manual Lookup: No direct phone or email found on public tags/pages].",geoapify,2026-08-18 11:14:26
52,318 Erith Road Dental Practice,dentist,Greater London,United Kingdom,,,,"318 Erith Road Dental Practice, 318 Erith Road, Bexleyheath, DA7 6HJ, United Kingdom",,,,,,40,WARM,needs_manual_lookup,False,"SEO, Social Media Marketing, Web Development","Priority WARM (Score 40/100): No active website found (+30); No active social media channels (+10). Recommended: [Web Development (no active website found), SEO (initial local search setup for new web build), Social Media Marketing (zero active social media presence)]. [Needs Manual Lookup: No direct phone or email found on public tags/pages].",geoapify,2026-08-18 11:14:26
53,Royal Arsenal Dentists,dentist,Greater London,United Kingdom,+442083170590,2062d0a4929b45348643784b5cb39c36@sentry.wixpress.com,https://www.royalarsenaldentists.com/,"Royal Arsenal Dentists, Duke of Wellington Avenue, London, SE18 6GH, United Kingdom",https://www.facebook.com/royalarsenaldentists/,https://www.instagram.com/royalarsenaldentists/,,,,0,COLD,actionable,True,"AI Automation, Social Media Management, Web App Development","Priority COLD (Score 0/100): Baseline technical presence. Recommended: [Social Media Management (incomplete multichannel social presence), AI Automation (missing automated booking/inquiry workflows), Web App Development (clinical/transactional workflow portal)]. [Actionable: Direct Phone, Email available for outreach].",geoapify,2026-08-18 11:14:26
54,Shmile Dental Clinic,dentist,Greater London,United Kingdom,,,,"Shmile Dental Clinic, High Street, London, BR1 1NZ, United Kingdom",,,,,,40,WARM,needs_manual_lookup,False,"SEO, Social Media Marketing, Web Development","Priority WARM (Score 40/100): No active website found (+30); No active social media channels (+10). Recommended: [Web Development (no active website found), SEO (initial local search setup for new web build), Social Media Marketing (zero active social media presence)]. [Needs Manual Lookup: No direct phone or email found on public tags/pages].",geoapify,2026-08-18 11:14:26
55,Orchard Green Dental Practice,dentist,Greater London,United Kingdom,+01689821217,info@orchardgreendental.com,https://www.orchardgreendental.com/,"Orchard Green Dental Practice, 9 Crofton Road, Orpington, BR6 8AE, United Kingdom",,https://www.instagram.com/orchardgreendental/,,,,0,COLD,actionable,True,Social Media Management,"Priority COLD (Score 0/100): Baseline technical presence. Recommended: [Social Media Management (incomplete multichannel social presence)]. [Actionable: Direct Phone, Email available for outreach].",geoapify,2026-08-18 11:14:26
56,The Meridian Dental Practice,dentist,Greater London,United Kingdom,+442088533177,info@themeridiandentalpractice.co.uk,http://dentistgreenwich.co.uk/,"The Meridian Dental Practice, 36 Woolwich Road, London, SE10 0JU, United Kingdom",https://www.facebook.com/themeridiandentalpractice/,,,,,25,COLD,actionable,True,"AI Automation, Google Ads, SEO, Social Media Management, Web App Development","Priority COLD (Score 25/100): Website is not secured via HTTPS (+10); SEO defects detected (missing_meta_description, missing_h1) (+15). Recommended: [SEO (technical defects: missing_meta_description, missing_h1), Google Ads (paid search recovery for organic search/review gaps), Social Media Management (incomplete multichannel social presence), AI Automation (missing automated booking/inquiry workflows), Web App Development (clinical/transactional workflow portal)]. [Actionable: Direct Phone, Email available for outreach].",geoapify,2026-08-18 11:14:26
57,Heronsgate Medical Centre,dentist,Greater London,United Kingdom,,,,"Heronsgate Medical Centre, 1A Goosander Way, London, SE28 0ER, United Kingdom",,,,,,40,WARM,needs_manual_lookup,False,"SEO, Social Media Marketing, Web Development","Priority WARM (Score 40/100): No active website found (+30); No active social media channels (+10). Recommended: [Web Development (no active website found), SEO (initial local search setup for new web build), Social Media Marketing (zero active social media presence)]. [Needs Manual Lookup: No direct phone or email found on public tags/pages].",geoapify,2026-08-18 11:14:26
58,Plashet Road Dental Surgery,dentist,Greater London,United Kingdom,,,,"Plashet Road Dental Surgery, 78 Plashet Road, London, E13 0RA, United Kingdom",,,,,,40,WARM,needs_manual_lookup,False,"SEO, Social Media Marketing, Web Development","Priority WARM (Score 40/100): No active website found (+30); No active social media channels (+10). Recommended: [Web Development (no active website found), SEO (initial local search setup for new web build), Social Media Marketing (zero active social media presence)]. [Needs Manual Lookup: No direct phone or email found on public tags/pages].",geoapify,2026-08-18 11:14:26
59,Dental Solutions,dentist,Greater London,United Kingdom,,,,"Dental Solutions, 161 Ilford Lane, London, IG1 2RR, United Kingdom",,,,,,40,WARM,needs_manual_lookup,False,"SEO, Social Media Marketing, Web Development","Priority WARM (Score 40/100): No active website found (+30); No active social media channels (+10). Recommended: [Web Development (no active website found), SEO (initial local search setup for new web build), Social Media Marketing (zero active social media presence)]. [Needs Manual Lookup: No direct phone or email found on public tags/pages].",geoapify,2026-08-18 11:14:26
60,Grove Dental Practice,dentist,Greater London,United Kingdom,,,,"Grove Dental Practice, 21 Plashet Grove, London, E6 1AD, United Kingdom",,,,,,40,WARM,needs_manual_lookup,False,"SEO, Social Media Marketing, Web Development","Priority WARM (Score 40/100): No active website found (+30); No active social media channels (+10). Recommended: [Web Development (no active website found), SEO (initial local search setup for new web build), Social Media Marketing (zero active social media presence)]. [Needs Manual Lookup: No direct phone or email found on public tags/pages].",geoapify,2026-08-18 11:14:26
61,Eltham Park Dental Practice,dentist,Greater London,United Kingdom,,,,"Eltham Park Dental Practice, 5 Westmount Road, London, SE9 1JB, United Kingdom",,,,,,40,WARM,needs_manual_lookup,False,"SEO, Social Media Marketing, Web Development","Priority WARM (Score 40/100): No active website found (+30); No active social media channels (+10). Recommended: [Web Development (no active website found), SEO (initial local search setup for new web build), Social Media Marketing (zero active social media presence)]. [Needs Manual Lookup: No direct phone or email found on public tags/pages].",geoapify,2026-08-18 11:14:26
62,Oakmead Dental Care,dentist,Greater London,United Kingdom,,,,"Oakmead Dental Care, Prince Imperial Road, London, BR7 5EZ, United Kingdom",,,,,,40,WARM,needs_manual_lookup,False,"SEO, Social Media Marketing, Web Development","Priority WARM (Score 40/100): No active website found (+30); No active social media channels (+10). Recommended: [Web Development (no active website found), SEO (initial local search setup for new web build), Social Media Marketing (zero active social media presence)]. [Needs Manual Lookup: No direct phone or email found on public tags/pages].",geoapify,2026-08-18 11:14:26
63,Orthodontic Gallery,dentist,Greater London,United Kingdom,,,,"Orthodontic Gallery, 128 Woodford Avenue, Ilford, IG2 6XA, United Kingdom",,,,,,40,WARM,needs_manual_lookup,False,"SEO, Social Media Marketing, Web Development","Priority WARM (Score 40/100): No active website found (+30); No active social media channels (+10). Recommended: [Web Development (no active website found), SEO (initial local search setup for new web build), Social Media Marketing (zero active social media presence)]. [Needs Manual Lookup: No direct phone or email found on public tags/pages].",geoapify,2026-08-18 11:14:26
64,Dagenham Dental,dentist,Greater London,United Kingdom,,,,"Dagenham Dental, 221 Heathway, London, RM10 9NS, United Kingdom",,,,,,40,WARM,needs_manual_lookup,False,"SEO, Social Media Marketing, Web Development","Priority WARM (Score 40/100): No active website found (+30); No active social media channels (+10). Recommended: [Web Development (no active website found), SEO (initial local search setup for new web build), Social Media Marketing (zero active social media presence)]. [Needs Manual Lookup: No direct phone or email found on public tags/pages].",geoapify,2026-08-18 11:14:26
65,Wisteria House Dental Practice,dentist,Greater London,United Kingdom,+02085551144,,https://www.wisteriadp.co.uk/,"Wisteria House Dental Practice, 55 Romford Road, London, E15 4LY, United Kingdom",https://www.facebook.com/wisteriadp/,https://www.instagram.com/wisteriadp/,,,,15,COLD,actionable,True,"Google Ads, SEO, Social Media Management","Priority COLD (Score 15/100): SEO defects detected (missing_h1) (+15). Recommended: [SEO (technical defects: missing_h1), Google Ads (paid search recovery for organic search/review gaps), Social Media Management (incomplete multichannel social presence)]. [Actionable: Direct Phone available for outreach].",geoapify,2026-08-18 11:14:26
66,Chatterton Dental Surgery,dentist,Greater London,United Kingdom,,,,"Chatterton Dental Surgery, Chatterton Road, London, BR2 9QQ, United Kingdom",,,,,,40,WARM,needs_manual_lookup,False,"SEO, Social Media Marketing, Web Development","Priority WARM (Score 40/100): No active website found (+30); No active social media channels (+10). Recommended: [Web Development (no active website found), SEO (initial local search setup for new web build), Social Media Marketing (zero active social media presence)]. [Needs Manual Lookup: No direct phone or email found on public tags/pages].",geoapify,2026-08-18 11:14:26
67,Harrow Road Dental Surgery,dentist,Wembley,GB,+442089041409,,,"883, Harrow Road",,,,,,40,WARM,actionable,True,"SEO, Social Media Marketing, Web Development","Priority WARM (Score 40/100): No active website found (+30); No active social media channels (+10). Recommended: [Web Development (no active website found), SEO (initial local search setup for new web build), Social Media Marketing (zero active social media presence)]. [Actionable: Direct Phone available for outreach].",osm,2026-08-18 11:21:57
68,,dentist,Romford,GB,,,,Gubbins Lane,,,,,,40,WARM,needs_manual_lookup,False,"SEO, Social Media Marketing, Web Development","Priority WARM (Score 40/100): No active website found (+30); No active social media channels (+10). Recommended: [Web Development (no active website found), SEO (initial local search setup for new web build), Social Media Marketing (zero active social media presence)]. [Needs Manual Lookup: No direct phone or email found on public tags/pages].",osm,2026-08-18 11:21:57
69,Perivale Dental Practice,dentist,London,GB,+442089972737,,,,,,,,,40,WARM,actionable,True,"SEO, Social Media Marketing, Web Development","Priority WARM (Score 40/100): No active website found (+30); No active social media channels (+10). Recommended: [Web Development (no active website found), SEO (initial local search setup for new web build), Social Media Marketing (zero active social media presence)]. [Actionable: Direct Phone available for outreach].",osm,2026-08-18 11:21:57
70,,dentist,London,GB,,,,,,,,,,40,WARM,needs_manual_lookup,False,"SEO, Social Media Marketing, Web Development","Priority WARM (Score 40/100): No active website found (+30); No active social media channels (+10). Recommended: [Web Development (no active website found), SEO (initial local search setup for new web build), Social Media Marketing (zero active social media presence)]. [Needs Manual Lookup: No direct phone or email found on public tags/pages].",osm,2026-08-18 11:21:57
71,Treehouse Dental,dentist,London,GB,,,,,,,,,,40,WARM,needs_manual_lookup,False,"SEO, Social Media Marketing, Web Development","Priority WARM (Score 40/100): No active website found (+30); No active social media channels (+10). Recommended: [Web Development (no active website found), SEO (initial local search setup for new web build), Social Media Marketing (zero active social media presence)]. [Needs Manual Lookup: No direct phone or email found on public tags/pages].",osm,2026-08-18 11:21:57
72,Pembridge Dental,dentist,London,GB,+442077273976,ardalan.eghtedar@gmail.com,https://pembridgedental.co.uk/,"40, Pembridge Road",https://www.facebook.com/pembridgedental,https://www.instagram.com/pembridgedental/,,,,15,COLD,actionable,True,"Google Ads, SEO, Social Media Management","Priority COLD (Score 15/100): SEO defects detected (multiple_h1) (+15). Recommended: [SEO (technical defects: multiple_h1), Google Ads (paid search recovery for organic search/review gaps), Social Media Management (incomplete multichannel social presence)]. [Actionable: Direct Phone, Email available for outreach].",osm,2026-08-18 11:21:57
73,Garden Square Dental Practice,dentist,London,GB,+442072298716,info@gardensquaredental.co.uk,https://www.gardensquaredental.co.uk/,"50, Kensington Gardens Square",https://www.facebook.com/pages/Garden-Square-Dental/104839022906480,https://www.instagram.com/gardensquaredental/,https://www.linkedin.com/company/garden-square-dental-practice%E2%80%8E/,,,0,COLD,actionable,True,,"Priority COLD (Score 0/100): Solid baseline web, SEO, and social presence. Low immediate service urgency. [Actionable: Direct Phone, Email available for outreach].",osm,2026-08-18 11:21:57
74,,dentist,London,GB,+442084221857,,,,,,,,,40,WARM,actionable,True,"SEO, Social Media Marketing, Web Development","Priority WARM (Score 40/100): No active website found (+30); No active social media channels (+10). Recommended: [Web Development (no active website found), SEO (initial local search setup for new web build), Social Media Marketing (zero active social media presence)]. [Actionable: Direct Phone available for outreach].",osm,2026-08-18 11:21:57
75,Altmore Dental Practice,dentist,London,GB,,,,"33-37, Amsterdam Road",,,,,,40,WARM,needs_manual_lookup,False,"SEO, Social Media Marketing, Web Development","Priority WARM (Score 40/100): No active website found (+30); No active social media channels (+10). Recommended: [Web Development (no active website found), SEO (initial local search setup for new web build), Social Media Marketing (zero active social media presence)]. [Needs Manual Lookup: No direct phone or email found on public tags/pages].",osm,2026-08-18 11:21:57
76,Morden Park Dental Practice,dentist,London,GB,,,,,,,,,,40,WARM,needs_manual_lookup,False,"SEO, Social Media Marketing, Web Development","Priority WARM (Score 40/100): No active website found (+30); No active social media channels (+10). Recommended: [Web Development (no active website found), SEO (initial local search setup for new web build), Social Media Marketing (zero active social media presence)]. [Needs Manual Lookup: No direct phone or email found on public tags/pages].",osm,2026-08-18 11:21:57
77,Beeches Dental Surgery,dentist,Carshalton,GB,+442087734508,enquiries@beechesdentalsurgery.co.uk,https://www.beechesdentalsurgery.co.uk/,"9, Beeches Avenue",,https://www.instagram.com/beechesdental/,,,,15,COLD,actionable,True,"AI Automation, Google Ads, SEO, Social Media Management, Web App Development","Priority COLD (Score 15/100): SEO defects detected (missing_meta_description) (+15). Recommended: [SEO (technical defects: missing_meta_description), Google Ads (paid search recovery for organic search/review gaps), Social Media Management (incomplete multichannel social presence), AI Automation (missing automated booking/inquiry workflows), Web App Development (clinical/transactional workflow portal)]. [Actionable: Direct Phone, Email available for outreach].",osm,2026-08-18 11:21:57
78,Chiswick Park Dental Practice,dentist,London,GB,+442089879977,mail@chiswickparkdentalpractice.co.uk,https://www.chiswickparkdental.co.uk/,"62, South Parade",https://www.facebook.com/ChiswickParkDental,https://www.instagram.com/cpdental/,,,,15,COLD,actionable,True,"Google Ads, SEO, Social Media Management","Priority COLD (Score 15/100): SEO defects detected (multiple_h1) (+15). Recommended: [SEO (technical defects: multiple_h1), Google Ads (paid search recovery for organic search/review gaps), Social Media Management (incomplete multichannel social presence)]. [Actionable: Direct Phone, Email available for outreach].",osm,2026-08-18 11:21:57
79,Acton Town Dental Practice,dentist,London,GB,,,,,,,,,,40,WARM,needs_manual_lookup,False,"SEO, Social Media Marketing, Web Development","Priority WARM (Score 40/100): No active website found (+30); No active social media channels (+10). Recommended: [Web Development (no active website found), SEO (initial local search setup for new web build), Social Media Marketing (zero active social media presence)]. [Needs Manual Lookup: No direct phone or email found on public tags/pages].",osm,2026-08-18 11:21:57
80,Dental Beauty,dentist,London,GB,+442089926681,,https://www.sacoordental.com/,"191, High Street",,,,,,40,WARM,actionable,True,"SEO, Social Media Marketing, Web Development","Priority WARM (Score 40/100): No active website found (+30); No active social media channels (+10). Recommended: [Web Development (no active website found), SEO (initial local search setup for new web build), Social Media Marketing (zero active social media presence)]. [Actionable: Direct Phone available for outreach].",osm,2026-08-18 11:21:57
81,Yourdental,dentist,London,GB,,,,,,,,,,40,WARM,needs_manual_lookup,False,"SEO, Social Media Marketing, Web Development","Priority WARM (Score 40/100): No active website found (+30); No active social media channels (+10). Recommended: [Web Development (no active website found), SEO (initial local search setup for new web build), Social Media Marketing (zero active social media presence)]. [Needs Manual Lookup: No direct phone or email found on public tags/pages].",osm,2026-08-18 11:21:57
82,Dental Beauty Islington,dentist,London,GB,+442073596103,,https://dentalbeautyislington.co.uk/,"103-104, Upper Street, Islington",,,,,,40,WARM,actionable,True,"SEO, Social Media Marketing, Web Development","Priority WARM (Score 40/100): No active website found (+30); No active social media channels (+10). Recommended: [Web Development (no active website found), SEO (initial local search setup for new web build), Social Media Marketing (zero active social media presence)]. [Actionable: Direct Phone available for outreach].",osm,2026-08-18 11:21:57
83,London City Smiles,dentist,London,GB,,,,,,,,,,40,WARM,needs_manual_lookup,False,"SEO, Social Media Marketing, Web Development","Priority WARM (Score 40/100): No active website found (+30); No active social media channels (+10). Recommended: [Web Development (no active website found), SEO (initial local search setup for new web build), Social Media Marketing (zero active social media presence)]. [Needs Manual Lookup: No direct phone or email found on public tags/pages].",osm,2026-08-18 11:21:57
84,J. Dineen Dental Surgery,dentist,London,GB,,,,"229, High Road Leyton",,,,,,40,WARM,needs_manual_lookup,False,"SEO, Social Media Marketing, Web Development","Priority WARM (Score 40/100): No active website found (+30); No active social media channels (+10). Recommended: [Web Development (no active website found), SEO (initial local search setup for new web build), Social Media Marketing (zero active social media presence)]. [Needs Manual Lookup: No direct phone or email found on public tags/pages].",osm,2026-08-18 11:21:57
85,Dental Beauty Dalston,dentist,London,GB,,,,"33, Kingsland High Street",,,,,,40,WARM,needs_manual_lookup,False,"SEO, Social Media Marketing, Web Development","Priority WARM (Score 40/100): No active website found (+30); No active social media channels (+10). Recommended: [Web Development (no active website found), SEO (initial local search setup for new web build), Social Media Marketing (zero active social media presence)]. [Needs Manual Lookup: No direct phone or email found on public tags/pages].",osm,2026-08-18 11:21:57
86,Fair Oak Dental Surgery,dentist,London,GB,,,,,,,,,,40,WARM,needs_manual_lookup,False,"SEO, Social Media Marketing, Web Development","Priority WARM (Score 40/100): No active website found (+30); No active social media channels (+10). Recommended: [Web Development (no active website found), SEO (initial local search setup for new web build), Social Media Marketing (zero active social media presence)]. [Needs Manual Lookup: No direct phone or email found on public tags/pages].",osm,2026-08-18 11:21:57
87,Zahnzentrum Wedding,dentist,Berlin,DE,,,,"34a, Müllerstraße, Wedding",,,,,,40,WARM,needs_manual_lookup,False,"SEO, Social Media Marketing, Web Development","Priority WARM (Score 40/100): No active website found (+30); No active social media channels (+10). Recommended: [Web Development (no active website found), SEO (initial local search setup for new web build), Social Media Marketing (zero active social media presence)]. [Needs Manual Lookup: No direct phone or email found on public tags/pages].",osm,2026-08-18 11:23:39
88,A. Nejad,dentist,Berlin,DE,+49303619106,,,,,,,,,40,WARM,actionable,True,"SEO, Social Media Marketing, Web Development","Priority WARM (Score 40/100): No active website found (+30); No active social media channels (+10). Recommended: [Web Development (no active website found), SEO (initial local search setup for new web build), Social Media Marketing (zero active social media presence)]. [Actionable: Direct Phone available for outreach].",osm,2026-08-18 11:23:39
89,Dr. med. dent. Tim Lucke,dentist,Berlin,DE,,,,,,,,,,40,WARM,needs_manual_lookup,False,"SEO, Social Media Marketing, Web Development","Priority WARM (Score 40/100): No active website found (+30); No active social media channels (+10). Recommended: [Web Development (no active website found), SEO (initial local search setup for new web build), Social Media Marketing (zero active social media presence)]. [Needs Manual Lookup: No direct phone or email found on public tags/pages].",osm,2026-08-18 11:23:39
90,Dr. Beate Lengert,dentist,Berlin,DE,,,http://www.dr-beate-lengert.de/,"218, Kurfürstendamm, Charlottenburg",,,,,,40,WARM,needs_manual_lookup,False,"SEO, Social Media Marketing, Web Development","Priority WARM (Score 40/100): No active website found (+30); No active social media channels (+10). Recommended: [Web Development (no active website found), SEO (initial local search setup for new web build), Social Media Marketing (zero active social media presence)]. [Needs Manual Lookup: No direct phone or email found on public tags/pages].",osm,2026-08-18 11:23:39
91,,dentist,Berlin,DE,,,,,,,,,,40,WARM,needs_manual_lookup,False,"SEO, Social Media Marketing, Web Development","Priority WARM (Score 40/100): No active website found (+30); No active social media channels (+10). Recommended: [Web Development (no active website found), SEO (initial local search setup for new web build), Social Media Marketing (zero active social media presence)]. [Needs Manual Lookup: No direct phone or email found on public tags/pages].",osm,2026-08-18 11:23:39
92,Serpil Hartfiel,dentist,Berlin,DE,,,https://www.zahnarztpraxis-hartfiel.de/,"77, Kollwitzstraße, Prenzlauer Berg",,,,,,25,COLD,needs_manual_lookup,False,"AI Automation, Google Ads, SEO, Social Media Marketing, Web App Development","Priority COLD (Score 25/100): SEO defects detected (multiple_h1) (+15); No active social media channels (+10). Recommended: [SEO (technical defects: multiple_h1), Google Ads (paid search recovery for organic search/review gaps), Social Media Marketing (zero active social media presence), AI Automation (missing automated booking/inquiry workflows), Web App Development (clinical/transactional workflow portal)]. [Needs Manual Lookup: No direct phone or email found on public tags/pages].",osm,2026-08-18 11:23:39
93,"Zahnärzte Nicolas Weiss, Volker Landmann",dentist,Berlin,DE,+49307445020,praxis.weiss.landmann@gmail.com,http://www.zahnarztpraxis-lichtenrade.de/,,,,,,,10,COLD,actionable,True,"AI Automation, Social Media Marketing, Web App Development","Priority COLD (Score 10/100): No active social media channels (+10). Recommended: [Social Media Marketing (zero active social media presence), AI Automation (missing automated booking/inquiry workflows), Web App Development (clinical/transactional workflow portal)]. [Actionable: Direct Phone, Email available for outreach].",osm,2026-08-18 11:23:39
94,DentZ,dentist,Berlin,DE,+49302647972600,info@dentz-berlin.de,http://dentz-berlin.de,"143, Tempelhofer Damm",https://www.facebook.com/Doctor-Dentz-716085375451853,,,,,15,COLD,actionable,True,"AI Automation, Google Ads, SEO, Social Media Management, Web App Development","Priority COLD (Score 15/100): SEO defects detected (missing_meta_description) (+15). Recommended: [SEO (technical defects: missing_meta_description), Google Ads (paid search recovery for organic search/review gaps), Social Media Management (incomplete multichannel social presence), AI Automation (missing automated booking/inquiry workflows), Web App Development (clinical/transactional workflow portal)]. [Actionable: Direct Phone, Email available for outreach].",osm,2026-08-18 11:23:39
95,Zahnklinik Medeco,dentist,Berlin,DE,,,,Mariendorf,,,,,,40,WARM,needs_manual_lookup,False,"SEO, Social Media Marketing, Web Development","Priority WARM (Score 40/100): No active website found (+30); No active social media channels (+10). Recommended: [Web Development (no active website found), SEO (initial local search setup for new web build), Social Media Marketing (zero active social media presence)]. [Needs Manual Lookup: No direct phone or email found on public tags/pages].",osm,2026-08-18 11:23:39
96,Mund-Kiefer-Gesichtschirugie,dentist,Berlin,DE,,,,Charlottenburg,,,,,,40,WARM,needs_manual_lookup,False,"SEO, Social Media Marketing, Web Development","Priority WARM (Score 40/100): No active website found (+30); No active social media channels (+10). Recommended: [Web Development (no active website found), SEO (initial local search setup for new web build), Social Media Marketing (zero active social media presence)]. [Needs Manual Lookup: No direct phone or email found on public tags/pages].",osm,2026-08-18 11:23:39
97,Petra Seidlitz,dentist,Neuenhagen bei Berlin,DE,,,,"5, Ernst-Thälmann-Straße",,,,,,40,WARM,needs_manual_lookup,False,"SEO, Social Media Marketing, Web Development","Priority WARM (Score 40/100): No active website found (+30); No active social media channels (+10). Recommended: [Web Development (no active website found), SEO (initial local search setup for new web build), Social Media Marketing (zero active social media presence)]. [Needs Manual Lookup: No direct phone or email found on public tags/pages].",osm,2026-08-18 11:23:39
98,Horst Sternickel,dentist,Berlin,DE,,,,,,,,,,40,WARM,needs_manual_lookup,False,"SEO, Social Media Marketing, Web Development","Priority WARM (Score 40/100): No active website found (+30); No active social media channels (+10). Recommended: [Web Development (no active website found), SEO (initial local search setup for new web build), Social Media Marketing (zero active social media presence)]. [Needs Manual Lookup: No direct phone or email found on public tags/pages].",osm,2026-08-18 11:23:39
99,Burkhard Schilke,dentist,Berlin,DE,,,,,,,,,,40,WARM,needs_manual_lookup,False,"SEO, Social Media Marketing, Web Development","Priority WARM (Score 40/100): No active website found (+30); No active social media channels (+10). Recommended: [Web Development (no active website found), SEO (initial local search setup for new web build), Social Media Marketing (zero active social media presence)]. [Needs Manual Lookup: No direct phone or email found on public tags/pages].",osm,2026-08-18 11:23:39
100,Ralf Engel,dentist,Berlin,DE,,,,,,,,,,40,WARM,needs_manual_lookup,False,"SEO, Social Media Marketing, Web Development","Priority WARM (Score 40/100): No active website found (+30); No active social media channels (+10). Recommended: [Web Development (no active website found), SEO (initial local search setup for new web build), Social Media Marketing (zero active social media presence)]. [Needs Manual Lookup: No direct phone or email found on public tags/pages].",osm,2026-08-18 11:23:39
101,Zahnärztliche Gemeinschaftspraxis,dentist,Berlin,DE,+49304542013,kontakt@zahnarztpraxis-speda.de,https://www.zahnarztpraxis-speda.de/,,,,,,,35,WARM,actionable,True,"AI Automation, Google Ads, SEO, Social Media Marketing, Web App Development","Priority WARM (Score 35/100): SEO defects detected (missing_meta_description, multiple_h1) (+15); Missing mobile viewport optimization (+10); No active social media channels (+10). Recommended: [SEO (technical defects: missing_meta_description, multiple_h1), Google Ads (paid search recovery for organic search/review gaps), Social Media Marketing (zero active social media presence), AI Automation (missing automated booking/inquiry workflows), Web App Development (clinical/transactional workflow portal)]. [Actionable: Direct Phone, Email available for outreach].",osm,2026-08-18 11:23:39
102,"Tomris Aydin, Diş Hekimi",dentist,Berlin,DE,+493042800422,,,"10, Ebertystraße",,,,,,40,WARM,actionable,True,"SEO, Social Media Marketing, Web Development","Priority WARM (Score 40/100): No active website found (+30); No active social media channels (+10). Recommended: [Web Development (no active website found), SEO (initial local search setup for new web build), Social Media Marketing (zero active social media presence)]. [Actionable: Direct Phone available for outreach].",osm,2026-08-18 11:23:39
103,Zahnärztin Witascheck,dentist,Berlin,DE,+49304299828,,,"50, Ebertystraße",,,,,,40,WARM,actionable,True,"SEO, Social Media Marketing, Web Development","Priority WARM (Score 40/100): No active website found (+30); No active social media channels (+10). Recommended: [Web Development (no active website found), SEO (initial local search setup for new web build), Social Media Marketing (zero active social media presence)]. [Actionable: Direct Phone available for outreach].",osm,2026-08-18 11:23:39
104,Zahnärzte am Weddingplatz MVZ,dentist,Berlin,DE,+49304651449,info@zahnaerzte-wedding.de,https://www.zahnaerzte-wedding.de/,"11, Reinickendorfer Straße, Gesundbrunnen",,,,,,10,COLD,actionable,True,"AI Automation, Social Media Marketing, Web App Development","Priority COLD (Score 10/100): No active social media channels (+10). Recommended: [Social Media Marketing (zero active social media presence), AI Automation (missing automated booking/inquiry workflows), Web App Development (clinical/transactional workflow portal)]. [Actionable: Direct Phone, Email available for outreach].",osm,2026-08-18 11:23:39
105,Dr. Jan-Hendrik Hollenstein & Kollegen,dentist,Berlin,DE,,,,"75-79, Marienfelder Allee",,,,,,40,WARM,needs_manual_lookup,False,"SEO, Social Media Marketing, Web Development","Priority WARM (Score 40/100): No active website found (+30); No active social media channels (+10). Recommended: [Web Development (no active website found), SEO (initial local search setup for new web build), Social Media Marketing (zero active social media presence)]. [Needs Manual Lookup: No direct phone or email found on public tags/pages].",osm,2026-08-18 11:23:39
106,Zahnarztpraxis Schenk,dentist,Berlin,DE,+493053015624,,http://www.dr-schenk-berlin.de,"63, Edisonstraße, Oberschöneweide",,,,,,10,COLD,actionable,True,Social Media Marketing,Priority COLD (Score 10/100): No active social media channels (+10). Recommended: [Social Media Marketing (zero active social media presence)]. [Actionable: Direct Phone available for outreach].,osm,2026-08-18 11:23:39
107,Zahnarztpraxis Feldmann,dentist,Berlin,Germany,,,,"Zahnarztpraxis Feldmann, Otto-Suhr-Allee, 10585 Berlin, Germany",,,,,,40,WARM,needs_manual_lookup,False,"SEO, Social Media Marketing, Web Development","Priority WARM (Score 40/100): No active website found (+30); No active social media channels (+10). Recommended: [Web Development (no active website found), SEO (initial local search setup for new web build), Social Media Marketing (zero active social media presence)]. [Needs Manual Lookup: No direct phone or email found on public tags/pages].",geoapify,2026-08-18 11:23:39
108,Zahnarztpraxis Dr. Andreas Nietzold und Sibylle Reimers,dentist,Berlin,Germany,+49303313423,,https://www.zahnarztpraxis-nietzold-reimers.de,"Zahnarztpraxis Dr. Andreas Nietzold und Sibylle Reimers, Klosterstraße 34-35, 13581 Berlin, Germany",,,,,,10,COLD,actionable,True,"AI Automation, Social Media Marketing, Web App Development","Priority COLD (Score 10/100): No active social media channels (+10). Recommended: [Social Media Marketing (zero active social media presence), AI Automation (missing automated booking/inquiry workflows), Web App Development (clinical/transactional workflow portal)]. [Actionable: Direct Phone available for outreach].",geoapify,2026-08-18 11:23:39
109,Göpner + Göpner | Stefan Gerlach,dentist,Berlin,Germany,,,,"Göpner + Göpner | Stefan Gerlach, Württembergallee 1, 14052 Berlin, Germany",,,,,,40,WARM,needs_manual_lookup,False,"SEO, Social Media Marketing, Web Development","Priority WARM (Score 40/100): No active website found (+30); No active social media channels (+10). Recommended: [Web Development (no active website found), SEO (initial local search setup for new web build), Social Media Marketing (zero active social media presence)]. [Needs Manual Lookup: No direct phone or email found on public tags/pages].",geoapify,2026-08-18 11:23:39
110,,dentist,Berlin,Germany,+49303026698,,,"Fredericiastraße, 14050 Berlin, Germany",,,,,,40,WARM,actionable,True,"SEO, Social Media Marketing, Web Development","Priority WARM (Score 40/100): No active website found (+30); No active social media channels (+10). Recommended: [Web Development (no active website found), SEO (initial local search setup for new web build), Social Media Marketing (zero active social media presence)]. [Actionable: Direct Phone available for outreach].",geoapify,2026-08-18 11:23:39
111,Kaliakra Bruske,dentist,Berlin,Germany,+49304533166,,,"Kaliakra Bruske, Müllerstraße, 13353 Berlin, Germany",,,,,,40,WARM,actionable,True,"SEO, Social Media Marketing, Web Development","Priority WARM (Score 40/100): No active website found (+30); No active social media channels (+10). Recommended: [Web Development (no active website found), SEO (initial local search setup for new web build), Social Media Marketing (zero active social media presence)]. [Actionable: Direct Phone available for outreach].",geoapify,2026-08-18 11:23:39
112,Daniel Babel,dentist,Berlin,Germany,+49304562205,,,"Daniel Babel, Liebenwalder Straße 32, 13347 Berlin, Germany",,,,,,40,WARM,actionable,True,"SEO, Social Media Marketing, Web Development","Priority WARM (Score 40/100): No active website found (+30); No active social media channels (+10). Recommended: [Web Development (no active website found), SEO (initial local search setup for new web build), Social Media Marketing (zero active social media presence)]. [Actionable: Direct Phone available for outreach].",geoapify,2026-08-18 11:23:39
113,Michaela Krakowczyk,dentist,Berlin,Germany,,,,"Michaela Krakowczyk, Schwyzer Straße, 13349 Berlin, Germany",,,,,,40,WARM,needs_manual_lookup,False,"SEO, Social Media Marketing, Web Development","Priority WARM (Score 40/100): No active website found (+30); No active social media channels (+10). Recommended: [Web Development (no active website found), SEO (initial local search setup for new web build), Social Media Marketing (zero active social media presence)]. [Needs Manual Lookup: No direct phone or email found on public tags/pages].",geoapify,2026-08-18 11:23:39
114,white cocoon,dentist,Berlin,Germany,+4930233290390,info@medident147.de,https://www.white-cocoon.de,"white cocoon, Carmerstraße 5, 10623 Berlin, Germany",,https://www.instagram.com/wunschlachen/?hl=de,,,,0,COLD,actionable,True,"AI Automation, Social Media Management, Web App Development","Priority COLD (Score 0/100): Baseline technical presence. Recommended: [Social Media Management (incomplete multichannel social presence), AI Automation (missing automated booking/inquiry workflows), Web App Development (clinical/transactional workflow portal)]. [Actionable: Direct Phone, Email available for outreach].",geoapify,2026-08-18 11:23:39
115,Christian Koch,dentist,Berlin,Germany,,info@zahnaerzte-berlin-charlottenburg.de,https://zahnaerzte-berlin-charlottenburg.de/,"Christian Koch, Sybelstraße 69, 10629 Berlin, Germany",,,,,,25,COLD,actionable,True,"AI Automation, Google Ads, SEO, Social Media Marketing, Web App Development","Priority COLD (Score 25/100): SEO defects detected (multiple_h1) (+15); No active social media channels (+10). Recommended: [SEO (technical defects: multiple_h1), Google Ads (paid search recovery for organic search/review gaps), Social Media Marketing (zero active social media presence), AI Automation (missing automated booking/inquiry workflows), Web App Development (clinical/transactional workflow portal)]. [Actionable: Direct Email available for outreach].",geoapify,2026-08-18 11:23:39
116,F. Brouwer & M. Lehmensiek,dentist,Berlin,Germany,+49302651189,info@zahnarzt-berlin-schoeneberg.com,http://www.prophylaxe-arzt.de/,"F. Brouwer & M. Lehmensiek, Potsdamer Straße 116, 10785 Berlin, Germany",,https://www.instagram.com/brouwer.zahnmedizin.berlin/,,,,0,COLD,actionable,True,"AI Automation, Social Media Management, Web App Development","Priority COLD (Score 0/100): Baseline technical presence. Recommended: [Social Media Management (incomplete multichannel social presence), AI Automation (missing automated booking/inquiry workflows), Web App Development (clinical/transactional workflow portal)]. [Actionable: Direct Phone, Email available for outreach].",geoapify,2026-08-18 11:23:39
117,Adentics Kieferorthopäde Berlin-Mitte,dentist,Berlin,Germany,+493031174740,,,"Adentics Kieferorthopäde Berlin-Mitte, Leipziger Platz 7, 10117 Berlin, Germany",,,,,,40,WARM,actionable,True,"SEO, Social Media Marketing, Web Development","Priority WARM (Score 40/100): No active website found (+30); No active social media channels (+10). Recommended: [Web Development (no active website found), SEO (initial local search setup for new web build), Social Media Marketing (zero active social media presence)]. [Actionable: Direct Phone available for outreach].",geoapify,2026-08-18 11:23:39
118,Zahnärztin Sigrid Weigl,dentist,Berlin,Germany,,,https://www.zahnarzt-weigl.de/,"Zahnärztin Sigrid Weigl, Beusselstraße 39, 10553 Berlin, Germany",,,,,,10,COLD,needs_manual_lookup,False,"AI Automation, Social Media Marketing, Web App Development","Priority COLD (Score 10/100): No active social media channels (+10). Recommended: [Social Media Marketing (zero active social media presence), AI Automation (missing automated booking/inquiry workflows), Web App Development (clinical/transactional workflow portal)]. [Needs Manual Lookup: No direct phone or email found on public tags/pages].",geoapify,2026-08-18 11:23:39
119,Zahnärzte an der Jungfernheide,dentist,Berlin,Germany,+49303453060,,,"Zahnärzte an der Jungfernheide, Teichgräberzeile 1, 13627 Berlin, Germany",,,,,,40,WARM,actionable,True,"SEO, Social Media Marketing, Web Development","Priority WARM (Score 40/100): No active website found (+30); No active social media channels (+10). Recommended: [Web Development (no active website found), SEO (initial local search setup for new web build), Social Media Marketing (zero active social media presence)]. [Actionable: Direct Phone available for outreach].",geoapify,2026-08-18 11:23:39
120,Zahnärzte am Alex,dentist,Berlin,Germany,+49302403090,,,"Zahnärzte am Alex, Rathausstraße 7, 10178 Berlin, Germany",,,,,,40,WARM,actionable,True,"SEO, Social Media Marketing, Web Development","Priority WARM (Score 40/100): No active website found (+30); No active social media channels (+10). Recommended: [Web Development (no active website found), SEO (initial local search setup for new web build), Social Media Marketing (zero active social media presence)]. [Actionable: Direct Phone available for outreach].",geoapify,2026-08-18 11:23:39
121,Dr. Kathrin Lehmann,dentist,Berlin,Germany,+49302965422,info@zahnarzt-lehmann.com,http://zahnarztpraxis-dres-lehmann.de/,"Dr. Kathrin Lehmann, Koppenstraße 75, 10243 Berlin, Germany",,https://www.instagram.com/zahnarztpraxis.drlehmann,,,,15,COLD,actionable,True,"AI Automation, Google Ads, SEO, Social Media Management, Web App Development","Priority COLD (Score 15/100): SEO defects detected (missing_meta_description) (+15). Recommended: [SEO (technical defects: missing_meta_description), Google Ads (paid search recovery for organic search/review gaps), Social Media Management (incomplete multichannel social presence), AI Automation (missing automated booking/inquiry workflows), Web App Development (clinical/transactional workflow portal)]. [Actionable: Direct Phone, Email available for outreach].",geoapify,2026-08-18 11:23:39
122,Dr. A. Hessberger,dentist,Berlin,Germany,,,,"Dr. A. Hessberger, Oranienstraße 53, 10969 Berlin, Germany",,,,,,40,WARM,needs_manual_lookup,False,"SEO, Social Media Marketing, Web Development","Priority WARM (Score 40/100): No active website found (+30); No active social media channels (+10). Recommended: [Web Development (no active website found), SEO (initial local search setup for new web build), Social Media Marketing (zero active social media presence)]. [Needs Manual Lookup: No direct phone or email found on public tags/pages].",geoapify,2026-08-18 11:23:39
123,Zahnarztpraxis Jörg Harder,dentist,Berlin,Germany,+49302962210,,http://zahnheilkunst.biz/cms/index.php?id=725883,"Zahnarztpraxis Jörg Harder, Gubener Straße 43, 10243 Berlin, Germany",,,,,,40,WARM,actionable,True,"SEO, Social Media Marketing, Web Development","Priority WARM (Score 40/100): No active website found (+30); No active social media channels (+10). Recommended: [Web Development (no active website found), SEO (initial local search setup for new web build), Social Media Marketing (zero active social media presence)]. [Actionable: Direct Phone available for outreach].",geoapify,2026-08-18 11:23:39
124,Cinderella Kolarikal,dentist,Berlin,Germany,+49302821385,info@dentists-zahnarzt-berlin.de,https://www.dentists-zahnarzt-berlin.de/,"Cinderella Kolarikal, Rochstraße 1, 10178 Berlin, Germany",,,,,,10,COLD,actionable,True,"AI Automation, Social Media Marketing, Web App Development","Priority COLD (Score 10/100): No active social media channels (+10). Recommended: [Social Media Marketing (zero active social media presence), AI Automation (missing automated booking/inquiry workflows), Web App Development (clinical/transactional workflow portal)]. [Actionable: Direct Phone, Email available for outreach].",geoapify,2026-08-18 11:23:39
125,Zahnärztin Irina Herzog,dentist,Berlin,Germany,+493039789255,,,"Zahnärztin Irina Herzog, Lübecker Straße 51, 10559 Berlin, Germany",,,,,,40,WARM,actionable,True,"SEO, Social Media Marketing, Web Development","Priority WARM (Score 40/100): No active website found (+30); No active social media channels (+10). Recommended: [Web Development (no active website found), SEO (initial local search setup for new web build), Social Media Marketing (zero active social media presence)]. [Actionable: Direct Phone available for outreach].",geoapify,2026-08-18 11:23:39
126,Zauberweiss Zahnarzt für Kinder,dentist,Berlin,Germany,,,,"Zauberweiss Zahnarzt für Kinder, Frankfurter Allee, 10365 Berlin, Germany",,,,,,40,WARM,needs_manual_lookup,False,"SEO, Social Media Marketing, Web Development","Priority WARM (Score 40/100): No active website found (+30); No active social media channels (+10). Recommended: [Web Development (no active website found), SEO (initial local search setup for new web build), Social Media Marketing (zero active social media presence)]. [Needs Manual Lookup: No direct phone or email found on public tags/pages].",geoapify,2026-08-18 11:23:39
127,Arwa Dental Clinic,dentist,Dubai,AE,,,,,,,,,,40,WARM,needs_manual_lookup,False,"SEO, Social Media Marketing, Web Development","Priority WARM (Score 40/100): No active website found (+30); No active social media channels (+10). Recommended: [Web Development (no active website found), SEO (initial local search setup for new web build), Social Media Marketing (zero active social media presence)]. [Needs Manual Lookup: No direct phone or email found on public tags/pages].",osm,2026-08-18 11:24:09
128,Solanki Dental Center,dentist,sharjah,AE,,,,"Villa No 3, Al Falaj Area, Cultural Square",,,,,,40,WARM,needs_manual_lookup,False,"SEO, Social Media Marketing, Web Development","Priority WARM (Score 40/100): No active website found (+30); No active social media channels (+10). Recommended: [Web Development (no active website found), SEO (initial local search setup for new web build), Social Media Marketing (zero active social media presence)]. [Needs Manual Lookup: No direct phone or email found on public tags/pages].",osm,2026-08-18 11:24:09
129,bin arab dental clinic,dentist,Dubai,AE,,,,,,,,,,40,WARM,needs_manual_lookup,False,"SEO, Social Media Marketing, Web Development","Priority WARM (Score 40/100): No active website found (+30); No active social media channels (+10). Recommended: [Web Development (no active website found), SEO (initial local search setup for new web build), Social Media Marketing (zero active social media presence)]. [Needs Manual Lookup: No direct phone or email found on public tags/pages].",osm,2026-08-18 11:24:09
130,"Kholood Dental clinic,Citymart building,Al bustan,Ajman",dentist,Dubai,AE,+97167471113,drsudheerdentist@gmail.com,http://kholooddentalclinicajman.com,"302, Al bustan",,,,,,40,WARM,actionable,True,"SEO, Social Media Marketing, Web Development","Priority WARM (Score 40/100): No active website found (+30); No active social media channels (+10). Recommended: [Web Development (no active website found), SEO (initial local search setup for new web build), Social Media Marketing (zero active social media presence)]. [Actionable: Direct Phone, Email available for outreach].",osm,2026-08-18 11:24:09
131,Dr. Marai Dental Clinic,dentist,Dubai,AE,,,,,,,,,,40,WARM,needs_manual_lookup,False,"SEO, Social Media Marketing, Web Development","Priority WARM (Score 40/100): No active website found (+30); No active social media channels (+10). Recommended: [Web Development (no active website found), SEO (initial local search setup for new web build), Social Media Marketing (zero active social media presence)]. [Needs Manual Lookup: No direct phone or email found on public tags/pages].",osm,2026-08-18 11:24:09
132,Dr. William's Dental Center,dentist,Dubai,AE,,,,,,,,,,40,WARM,needs_manual_lookup,False,"SEO, Social Media Marketing, Web Development","Priority WARM (Score 40/100): No active website found (+30); No active social media channels (+10). Recommended: [Web Development (no active website found), SEO (initial local search setup for new web build), Social Media Marketing (zero active social media presence)]. [Needs Manual Lookup: No direct phone or email found on public tags/pages].",osm,2026-08-18 11:24:09
133,Al Faiha Medical Center,dentist,Dubai,AE,,,,Al Durra Center 6F,,,,,,40,WARM,needs_manual_lookup,False,"SEO, Social Media Marketing, Web Development","Priority WARM (Score 40/100): No active website found (+30); No active social media channels (+10). Recommended: [Web Development (no active website found), SEO (initial local search setup for new web build), Social Media Marketing (zero active social media presence)]. [Needs Manual Lookup: No direct phone or email found on public tags/pages].",osm,2026-08-18 11:24:09
134,Kholood,dentist,Dubai,AE,+971525731031,sudheer.shams@gmail.com,https://www.kholooddentalclinic.com/,"302, Liwara 2",,,,,,35,WARM,actionable,True,"AI Automation, Google Ads, SEO, Social Media Marketing, Web App Development","Priority WARM (Score 35/100): SEO defects detected (missing_title, missing_meta_description) (+15); Missing mobile viewport optimization (+10); No active social media channels (+10). Recommended: [SEO (technical defects: missing_title, missing_meta_description), Google Ads (paid search recovery for organic search/review gaps), Social Media Marketing (zero active social media presence), AI Automation (missing automated booking/inquiry workflows), Web App Development (clinical/transactional workflow portal)]. [Actionable: Direct Phone, Email available for outreach].",osm,2026-08-18 11:24:09
135,Pediatric Dentistry,dentist,Dubai,AE,,,,Jumeira Street,,,,,,40,WARM,needs_manual_lookup,False,"SEO, Social Media Marketing, Web Development","Priority WARM (Score 40/100): No active website found (+30); No active social media channels (+10). Recommended: [Web Development (no active website found), SEO (initial local search setup for new web build), Social Media Marketing (zero active social media presence)]. [Needs Manual Lookup: No direct phone or email found on public tags/pages].",osm,2026-08-18 11:24:09
136,Jumeriah Beach Cental Center,dentist,Dubai,AE,,,,Jumeira Street,,,,,,40,WARM,needs_manual_lookup,False,"SEO, Social Media Marketing, Web Development","Priority WARM (Score 40/100): No active website found (+30); No active social media channels (+10). Recommended: [Web Development (no active website found), SEO (initial local search setup for new web build), Social Media Marketing (zero active social media presence)]. [Needs Manual Lookup: No direct phone or email found on public tags/pages].",osm,2026-08-18 11:24:09
137,Dental Care Centre,dentist,Dubai,AE,,,,Jumeira Street,,,,,,40,WARM,needs_manual_lookup,False,"SEO, Social Media Marketing, Web Development","Priority WARM (Score 40/100): No active website found (+30); No active social media channels (+10). Recommended: [Web Development (no active website found), SEO (initial local search setup for new web build), Social Media Marketing (zero active social media presence)]. [Needs Manual Lookup: No direct phone or email found on public tags/pages].",osm,2026-08-18 11:24:09
138,Seven Dental Centre,dentist,Dubai,AE,,,,Jumeira Street,,,,,,40,WARM,needs_manual_lookup,False,"SEO, Social Media Marketing, Web Development","Priority WARM (Score 40/100): No active website found (+30); No active social media channels (+10). Recommended: [Web Development (no active website found), SEO (initial local search setup for new web build), Social Media Marketing (zero active social media presence)]. [Needs Manual Lookup: No direct phone or email found on public tags/pages].",osm,2026-08-18 11:24:09
139,Dubai Smile,dentist,Dubai,AE,,,,Jumeira Street,,,,,,40,WARM,needs_manual_lookup,False,"SEO, Social Media Marketing, Web Development","Priority WARM (Score 40/100): No active website found (+30); No active social media channels (+10). Recommended: [Web Development (no active website found), SEO (initial local search setup for new web build), Social Media Marketing (zero active social media presence)]. [Needs Manual Lookup: No direct phone or email found on public tags/pages].",osm,2026-08-18 11:24:09
140,American Dental Clinic,dentist,Dubai,AE,,,,Jumeira Street,,,,,,40,WARM,needs_manual_lookup,False,"SEO, Social Media Marketing, Web Development","Priority WARM (Score 40/100): No active website found (+30); No active social media channels (+10). Recommended: [Web Development (no active website found), SEO (initial local search setup for new web build), Social Media Marketing (zero active social media presence)]. [Needs Manual Lookup: No direct phone or email found on public tags/pages].",osm,2026-08-18 11:24:09
141,Blue Dental Clinic,dentist,Dubai,AE,,,,Jumeira Street,,,,,,40,WARM,needs_manual_lookup,False,"SEO, Social Media Marketing, Web Development","Priority WARM (Score 40/100): No active website found (+30); No active social media channels (+10). Recommended: [Web Development (no active website found), SEO (initial local search setup for new web build), Social Media Marketing (zero active social media presence)]. [Needs Manual Lookup: No direct phone or email found on public tags/pages].",osm,2026-08-18 11:24:09
142,Invisalign,dentist,Dubai,AE,,,,Jumeira Street,,,,,,40,WARM,needs_manual_lookup,False,"SEO, Social Media Marketing, Web Development","Priority WARM (Score 40/100): No active website found (+30); No active social media channels (+10). Recommended: [Web Development (no active website found), SEO (initial local search setup for new web build), Social Media Marketing (zero active social media presence)]. [Needs Manual Lookup: No direct phone or email found on public tags/pages].",osm,2026-08-18 11:24:09
143,Same Day Dental Implants,dentist,Dubai,AE,,,,Jumeira Street,,,,,,40,WARM,needs_manual_lookup,False,"SEO, Social Media Marketing, Web Development","Priority WARM (Score 40/100): No active website found (+30); No active social media channels (+10). Recommended: [Web Development (no active website found), SEO (initial local search setup for new web build), Social Media Marketing (zero active social media presence)]. [Needs Manual Lookup: No direct phone or email found on public tags/pages].",osm,2026-08-18 11:24:09
144,Oris Dental Centre,dentist,Dubai,AE,,,,Jumeira Street,,,,,,40,WARM,needs_manual_lookup,False,"SEO, Social Media Marketing, Web Development","Priority WARM (Score 40/100): No active website found (+30); No active social media channels (+10). Recommended: [Web Development (no active website found), SEO (initial local search setup for new web build), Social Media Marketing (zero active social media presence)]. [Needs Manual Lookup: No direct phone or email found on public tags/pages].",osm,2026-08-18 11:24:09
145,Liberty Dental Clinic,dentist,Dubai,AE,,,,Jumeira Street,,,,,,40,WARM,needs_manual_lookup,False,"SEO, Social Media Marketing, Web Development","Priority WARM (Score 40/100): No active website found (+30); No active social media channels (+10). Recommended: [Web Development (no active website found), SEO (initial local search setup for new web build), Social Media Marketing (zero active social media presence)]. [Needs Manual Lookup: No direct phone or email found on public tags/pages].",osm,2026-08-18 11:24:09
146,Homeopath Dental,dentist,Dubai,AE,,,,,,,,,,40,WARM,needs_manual_lookup,False,"SEO, Social Media Marketing, Web Development","Priority WARM (Score 40/100): No active website found (+30); No active social media channels (+10). Recommended: [Web Development (no active website found), SEO (initial local search setup for new web build), Social Media Marketing (zero active social media presence)]. [Needs Manual Lookup: No direct phone or email found on public tags/pages].",osm,2026-08-18 11:24:09
147,Medicure,dentist,Dubai,United Arab Emirates,+97143984866971558009503,javed.mansoor@medicuregroup.com,https://medicuregroup.com/,"Medicure, 2a Street, Al Mankhool, Dubai, Bur Dubai, United Arab Emirates",https://facebook.com/medicuregroup,https://instagram.com/medicuregroup,,,,25,COLD,actionable,True,"AI Automation, Google Ads, SEO, Social Media Management, Web App Development","Priority COLD (Score 25/100): SEO defects detected (missing_title, missing_meta_description) (+15); Missing mobile viewport optimization (+10). Recommended: [SEO (technical defects: missing_title, missing_meta_description), Google Ads (paid search recovery for organic search/review gaps), Social Media Management (incomplete multichannel social presence), AI Automation (missing automated booking/inquiry workflows), Web App Development (clinical/transactional workflow portal)]. [Actionable: Direct Phone, Email available for outreach].",geoapify,2026-08-18 11:24:09
148,Skin and Smile Dental Clinic - Al Dana Branch,dentist,Dubai,United Arab Emirates,,,,"Skin and Smile Dental Clinic - Al Dana Branch, 408 42a Street, Riggat Al Buteen, Dubai, Dubai Emirate, United Arab Emirates",https://www.facebook.com/share/18ZiPyt7UT/,,,,,30,WARM,needs_manual_lookup,False,"AI Automation, SEO, Social Media Management, Web Development","Priority WARM (Score 30/100): No active website found (+30). Recommended: [Web Development (no active website found), SEO (initial local search setup for new web build), Social Media Management (incomplete multichannel social presence), AI Automation (missing automated booking/inquiry workflows)]. [Needs Manual Lookup: No direct phone or email found on public tags/pages].",geoapify,2026-08-18 11:24:09
149,Kings dental centre,dentist,Dubai,United Arab Emirates,,,,"Kings dental centre, 20b Street, Al Karama, Dubai, Bur Dubai, United Arab Emirates",,,,,,40,WARM,needs_manual_lookup,False,"SEO, Social Media Marketing, Web Development","Priority WARM (Score 40/100): No active website found (+30); No active social media channels (+10). Recommended: [Web Development (no active website found), SEO (initial local search setup for new web build), Social Media Marketing (zero active social media presence)]. [Needs Manual Lookup: No direct phone or email found on public tags/pages].",geoapify,2026-08-18 11:24:09
150,,dentist,Dubai,United Arab Emirates,,,,"Al Murraqqabat Road, Al Muraqqabat, Dubai, Dubai Emirate, United Arab Emirates",,,,,,40,WARM,needs_manual_lookup,False,"SEO, Social Media Marketing, Web Development","Priority WARM (Score 40/100): No active website found (+30); No active social media channels (+10). Recommended: [Web Development (no active website found), SEO (initial local search setup for new web build), Social Media Marketing (zero active social media presence)]. [Needs Manual Lookup: No direct phone or email found on public tags/pages].",geoapify,2026-08-18 11:24:09
151,Ilham Dental Clinic,dentist,Dubai,United Arab Emirates,,,,"Ilham Dental Clinic, 26c Street, Al Muraqqabat, Dubai, Dubai Emirate, United Arab Emirates",,,,,,40,WARM,needs_manual_lookup,False,"SEO, Social Media Marketing, Web Development","Priority WARM (Score 40/100): No active website found (+30); No active social media channels (+10). Recommended: [Web Development (no active website found), SEO (initial local search setup for new web build), Social Media Marketing (zero active social media presence)]. [Needs Manual Lookup: No direct phone or email found on public tags/pages].",geoapify,2026-08-18 11:24:09
152,Stars House Dental Clinic,dentist,Dubai,United Arab Emirates,,,,"Stars House Dental Clinic, 108/1 Road, Al Khabisi, Dubai, Dubai Emirate, United Arab Emirates",,,,,,40,WARM,needs_manual_lookup,False,"SEO, Social Media Marketing, Web Development","Priority WARM (Score 40/100): No active website found (+30); No active social media channels (+10). Recommended: [Web Development (no active website found), SEO (initial local search setup for new web build), Social Media Marketing (zero active social media presence)]. [Needs Manual Lookup: No direct phone or email found on public tags/pages].",geoapify,2026-08-18 11:24:09
153,Amiruddin Clinic,dentist,Dubai,United Arab Emirates,,,,"Amiruddin Clinic, Hor Al Anz Street, Hor Al Anz East, Dubai, Dubai Emirate, United Arab Emirates",,,,,,40,WARM,needs_manual_lookup,False,"SEO, Social Media Marketing, Web Development","Priority WARM (Score 40/100): No active website found (+30); No active social media channels (+10). Recommended: [Web Development (no active website found), SEO (initial local search setup for new web build), Social Media Marketing (zero active social media presence)]. [Needs Manual Lookup: No direct phone or email found on public tags/pages].",geoapify,2026-08-18 11:24:09
154,German Dental Oasis,dentist,Dubai,United Arab Emirates,+9714363536797143635370,info@germandentaloasis.com,https://www.germandentaloasis.com/,"German Dental Oasis, 19th Street, Umm Hurair 2, Dubai, Bur Dubai, United Arab Emirates",https://facebook.com/GermanDentalOasis,https://instagram.com/germandentaloasisdhcc,https://linkedin.com/company/germandentaloasis,,,30,WARM,actionable,True,"AI Automation, SEO, Web Development","Priority WARM (Score 30/100): No active website found (+30). Recommended: [Web Development (no active website found), SEO (initial local search setup for new web build), AI Automation (missing automated booking/inquiry workflows)]. [Actionable: Direct Phone, Email available for outreach].",geoapify,2026-08-18 11:24:09
155,Dr. Dina Pediatric Dentistry Clinic,dentist,Dubai,United Arab Emirates,,,,"Dr. Dina Pediatric Dentistry Clinic, Al Wasl Road, Jumeirah 1, Dubai, Dubai Emirate, United Arab Emirates",,,,,,40,WARM,needs_manual_lookup,False,"SEO, Social Media Marketing, Web Development","Priority WARM (Score 40/100): No active website found (+30); No active social media channels (+10). Recommended: [Web Development (no active website found), SEO (initial local search setup for new web build), Social Media Marketing (zero active social media presence)]. [Needs Manual Lookup: No direct phone or email found on public tags/pages].",geoapify,2026-08-18 11:24:09
156,Italian Dental Clinic,dentist,Dubai,United Arab Emirates,+9714458004097144580636971561411987,marketing@italiandentalclinic.com,https://www.italiandentalclinic.com/,"Italian Dental Clinic, 33 Al Madina Al Tebbia Street, Umm Hurair 2, Dubai, Bur Dubai, United Arab Emirates",https://facebook.com/ItalianDentalClinic,https://instagram.com/italian.dental.clinic,,,,30,WARM,actionable,True,"AI Automation, SEO, Social Media Management, Web Development","Priority WARM (Score 30/100): No active website found (+30). Recommended: [Web Development (no active website found), SEO (initial local search setup for new web build), Social Media Management (incomplete multichannel social presence), AI Automation (missing automated booking/inquiry workflows)]. [Actionable: Direct Phone, Email available for outreach].",geoapify,2026-08-18 11:24:09
157,Vintage Revivals,clothes,Berlin,DE,,,https://www.vintagerevivals.de,"5, Münzstraße, Mitte",,,,,,40,WARM,needs_manual_lookup,False,"SEO, Social Media Marketing, Web Development","Priority WARM (Score 40/100): No active website found (+30); No active social media channels (+10). Recommended: [Web Development (no active website found), SEO (initial local search setup for new web build), Social Media Marketing (zero active social media presence)]. [Needs Manual Lookup: No direct phone or email found on public tags/pages].",osm,2026-08-19 09:58:55
158,Ralph Lauren,clothes,Berlin,Germany,+4930166372100,,https://www.ralphlauren.de/de/storedetail?StoreID=3613,"26a, Kurfürstendamm",,,,,,40,WARM,actionable,True,"SEO, Social Media Marketing, Web Development","Priority WARM (Score 40/100): No active website found (+30); No active social media channels (+10). Recommended: [Web Development (no active website found), SEO (initial local search setup for new web build), Social Media Marketing (zero active social media presence)]. [Actionable: Direct Phone available for outreach].","geoapify, osm",2026-08-19 09:58:55
159,Ernsting's family,clothes,Berlin,DE,,,https://filialen.ernstings-family.de/berlin-kaiser-wilhelm-str-81,"81, Kaiser-Wilhelm-Straße, Lankwitz",,,,,,40,WARM,needs_manual_lookup,False,"SEO, Social Media Marketing, Web Development","Priority WARM (Score 40/100): No active website found (+30); No active social media channels (+10). Recommended: [Web Development (no active website found), SEO (initial local search setup for new web build), Social Media Marketing (zero active social media presence)]. [Needs Manual Lookup: No direct phone or email found on public tags/pages].",osm,2026-08-19 09:58:55
160,Widda & Co,clothes,Berlin,DE,+493096514022,,http://widda-berlin.de/,"24, Gärtnerstraße, Friedrichshain",https://www.facebook.com/widdafashion,https://www.instagram.com/widdaberlin,,,,15,COLD,actionable,True,"AI Automation, Google Ads, Google Shopping, Mobile App Development, SEO, Social Media Management","Priority COLD (Score 15/100): SEO defects detected (multiple_h1) (+15). Recommended: [SEO (technical defects: multiple_h1), Google Ads (paid search recovery for organic search/review gaps), Google Shopping (active e-commerce catalog detected), Social Media Management (incomplete multichannel social presence), AI Automation (missing automated booking/inquiry workflows), Mobile App Development (high-frequency mobile loyalty/ordering)]. [Actionable: Direct Phone available for outreach].",osm,2026-08-19 09:58:55
161,Loveco,clothes,Berlin,DE,+4930255581361,,https://loveco-shop.de/stores/store-kreuzberg-graefekiez/,"14, Körtestraße, Kreuzberg",,,,,,25,COLD,actionable,True,"Google Ads, Mobile App Development, SEO, Social Media Marketing","Priority COLD (Score 25/100): SEO defects detected (missing_h1) (+15); No active social media channels (+10). Recommended: [SEO (technical defects: missing_h1), Google Ads (paid search recovery for organic search/review gaps), Social Media Marketing (zero active social media presence), Mobile App Development (high-frequency mobile loyalty/ordering)]. [Actionable: Direct Phone available for outreach].",osm,2026-08-19 09:58:55
162,H & A Moden,clothes,Berlin,DE,,,,,,,,,,40,WARM,needs_manual_lookup,False,"SEO, Social Media Marketing, Web Development","Priority WARM (Score 40/100): No active website found (+30); No active social media channels (+10). Recommended: [Web Development (no active website found), SEO (initial local search setup for new web build), Social Media Marketing (zero active social media presence)]. [Needs Manual Lookup: No direct phone or email found on public tags/pages].",osm,2026-08-19 09:58:55
163,Humana,clothes,Berlin,DE,+493039404870,info@humana-second-hand.de,http://www.humana-second-hand.de/mode/shops.html#berlin,"1, Richard-von-Weizsäcker-Platz, Schöneberg",HumanaSecondHandGermany,humanasecondhand.de,,,,25,COLD,actionable,True,"AI Automation, Google Ads, Mobile App Development, SEO, Social Media Management","Priority COLD (Score 25/100): Website is not secured via HTTPS (+10); SEO defects detected (no_https) (+15). Recommended: [SEO (technical defects: no_https), Google Ads (paid search recovery for organic search/review gaps), Social Media Management (incomplete multichannel social presence), AI Automation (missing automated booking/inquiry workflows), Mobile App Development (high-frequency mobile loyalty/ordering)]. [Actionable: Direct Phone, Email available for outreach].","geoapify, osm",2026-08-19 09:58:55
164,Glücklich am Park,clothes,Berlin,DE,,,,,,,,,,40,WARM,needs_manual_lookup,False,"SEO, Social Media Marketing, Web Development","Priority WARM (Score 40/100): No active website found (+30); No active social media channels (+10). Recommended: [Web Development (no active website found), SEO (initial local search setup for new web build), Social Media Marketing (zero active social media presence)]. [Needs Manual Lookup: No direct phone or email found on public tags/pages].",osm,2026-08-19 09:58:55
165,Fruchthaus,clothes,Berlin,DE,,,,"39, Zionskirchstraße, Mitte",,,,,,40,WARM,needs_manual_lookup,False,"SEO, Social Media Marketing, Web Development","Priority WARM (Score 40/100): No active website found (+30); No active social media channels (+10). Recommended: [Web Development (no active website found), SEO (initial local search setup for new web build), Social Media Marketing (zero active social media presence)]. [Needs Manual Lookup: No direct phone or email found on public tags/pages].",osm,2026-08-19 09:58:55
166,KiK,clothes,Schulzendorf,DE,,,,"4A, Richard-Israel-Straße",,,,,,40,WARM,needs_manual_lookup,False,"SEO, Social Media Marketing, Web Development","Priority WARM (Score 40/100): No active website found (+30); No active social media channels (+10). Recommended: [Web Development (no active website found), SEO (initial local search setup for new web build), Social Media Marketing (zero active social media presence)]. [Needs Manual Lookup: No direct phone or email found on public tags/pages].",osm,2026-08-19 09:58:55
167,Humana,clothes,Berlin,DE,,,,,,,,,,40,WARM,needs_manual_lookup,False,"SEO, Social Media Marketing, Web Development","Priority WARM (Score 40/100): No active website found (+30); No active social media channels (+10). Recommended: [Web Development (no active website found), SEO (initial local search setup for new web build), Social Media Marketing (zero active social media presence)]. [Needs Manual Lookup: No direct phone or email found on public tags/pages].",osm,2026-08-19 09:58:55
168,Giorgio Armani,clothes,Berlin,DE,,,,"55, Kurfürstendamm, Charlottenburg",,,,,,40,WARM,needs_manual_lookup,False,"SEO, Social Media Marketing, Web Development","Priority WARM (Score 40/100): No active website found (+30); No active social media channels (+10). Recommended: [Web Development (no active website found), SEO (initial local search setup for new web build), Social Media Marketing (zero active social media presence)]. [Needs Manual Lookup: No direct phone or email found on public tags/pages].",osm,2026-08-19 09:58:55
169,KiK,clothes,Berlin,DE,,,,,,,,,,40,WARM,needs_manual_lookup,False,"SEO, Social Media Marketing, Web Development","Priority WARM (Score 40/100): No active website found (+30); No active social media channels (+10). Recommended: [Web Development (no active website found), SEO (initial local search setup for new web build), Social Media Marketing (zero active social media presence)]. [Needs Manual Lookup: No direct phone or email found on public tags/pages].",osm,2026-08-19 09:58:55
170,Uniqlo,clothes,Berlin,DE,,,http://www.uniqlo.com,"42, Rosenthaler Straße, Mitte",,,,,,40,WARM,needs_manual_lookup,False,"SEO, Social Media Marketing, Web Development","Priority WARM (Score 40/100): No active website found (+30); No active social media channels (+10). Recommended: [Web Development (no active website found), SEO (initial local search setup for new web build), Social Media Marketing (zero active social media presence)]. [Needs Manual Lookup: No direct phone or email found on public tags/pages].",osm,2026-08-19 09:58:55
171,Iriedaily,clothes,Berlin,DE,+493094884736,,https://www.iriedaily.de/brand-store-berlin/,"194, Oranienstraße, Kreuzberg",,,,,,40,WARM,actionable,True,"SEO, Social Media Marketing, Web Development","Priority WARM (Score 40/100): No active website found (+30); No active social media channels (+10). Recommended: [Web Development (no active website found), SEO (initial local search setup for new web build), Social Media Marketing (zero active social media presence)]. [Actionable: Direct Phone available for outreach].",osm,2026-08-19 09:58:55
172,Takko Fashion,clothes,Berlin,DE,+4930679892615,,,"12, Rudower Chaussee, Adlershof",,,,,,40,WARM,actionable,True,"SEO, Social Media Marketing, Web Development","Priority WARM (Score 40/100): No active website found (+30); No active social media channels (+10). Recommended: [Web Development (no active website found), SEO (initial local search setup for new web build), Social Media Marketing (zero active social media presence)]. [Actionable: Direct Phone available for outreach].",osm,2026-08-19 09:58:55
173,Hirmer Große Größen,clothing store,Berlin,Germany,+49307974230,berlin@hirmer-grosse-groessen.de,https://www.hirmer-grosse-groessen.de/filialen/berlin/,"Hirmer Große Größen, Schloßstraße 130, 12163 Berlin, Germany",https://www.facebook.com/hirmergrossegroessen,https://www.instagram.com/hirmergrossegroessen,,,,15,COLD,actionable,True,"Google Ads, SEO, Social Media Management","Priority COLD (Score 15/100): SEO defects detected (missing_h1) (+15). Recommended: [SEO (technical defects: missing_h1), Google Ads (paid search recovery for organic search/review gaps), Social Media Management (incomplete multichannel social presence)]. [Actionable: Direct Phone, Email available for outreach].",geoapify,2026-08-19 09:58:55
174,Liu Jo,clothing store,Berlin,Germany,+493088778109,kudamm@liujo.it,https://stores.liujo.com/en/germany/berlino-kudamm,"Liu Jo, Kurfürstendamm 213, 10719 Berlin, Germany",,,,,,10,COLD,actionable,True,Social Media Marketing,"Priority COLD (Score 10/100): No active social media channels (+10). Recommended: [Social Media Marketing (zero active social media presence)]. [Actionable: Direct Phone, Email available for outreach].",geoapify,2026-08-19 09:58:56
175,K+K Schuh-Center,clothing store,Berlin,Germany,+493023886794,contact@bisgaardshoes.dk,https://www.k-und-k-schuhcenter.de/,"K+K Schuh-Center, Ollenhauerstraße, 13403 Berlin, Germany",https://www.facebook.com/RENO/,https://www.instagram.com/reno_schuhe/,,,,0,COLD,actionable,True,"AI Automation, Social Media Management","Priority COLD (Score 0/100): Baseline technical presence. Recommended: [Social Media Management (incomplete multichannel social presence), AI Automation (missing automated booking/inquiry workflows)]. [Actionable: Direct Phone, Email available for outreach].",geoapify,2026-08-19 09:58:56
176,Siemes Schuhcenter,clothing store,Berlin,Germany,+493032306484,zentrale@siemes.de,http://www.siemes.de,"Siemes Schuhcenter, Am Juliusturm 55, 13599 Berlin, Germany",https://www.facebook.com/Schuhcenter.de/,,,,,0,COLD,actionable,True,"AI Automation, Google Shopping, Mobile App Development, Social Media Management","Priority COLD (Score 0/100): Baseline technical presence. Recommended: [Google Shopping (active e-commerce catalog detected), Social Media Management (incomplete multichannel social presence), AI Automation (missing automated booking/inquiry workflows), Mobile App Development (high-frequency mobile loyalty/ordering)]. [Actionable: Direct Phone, Email available for outreach].",geoapify,2026-08-19 09:58:56
177,KiK,clothing store,Berlin,Germany,+4923839540,,http://www.kik-textilien.com/shop/,"KiK, Turmstraße 68, 10551 Berlin, Germany",https://www.facebook.com/kik.de/,https://www.instagram.com/kik.de/,,,,0,COLD,actionable,True,"AI Automation, Social Media Management","Priority COLD (Score 0/100): Baseline technical presence. Recommended: [Social Media Management (incomplete multichannel social presence), AI Automation (missing automated booking/inquiry workflows)]. [Actionable: Direct Phone available for outreach].",geoapify,2026-08-19 09:58:56
178,Ortopädie Schuhtechnik,clothing store,Berlin,Germany,+49305294052,kontakt@ost-herhold.de,https://www.ute-herhold.de,"Ortopädie Schuhtechnik, Weitlingstraße 35, 10317 Berlin, Germany",,,,,,40,WARM,actionable,True,"SEO, Social Media Marketing, Web Development","Priority WARM (Score 40/100): No active website found (+30); No active social media channels (+10). Recommended: [Web Development (no active website found), SEO (initial local search setup for new web build), Social Media Marketing (zero active social media presence)]. [Actionable: Direct Phone, Email available for outreach].",geoapify,2026-08-19 09:58:56
179,Takko Fashion,clothing store,Berlin,Germany,+493040043605,,https://www.takko-fashion.com/,"Takko Fashion, Storkower Straße 9, 10409 Berlin, Germany",,,,,,10,COLD,actionable,True,"AI Automation, Social Media Marketing","Priority COLD (Score 10/100): No active social media channels (+10). Recommended: [Social Media Marketing (zero active social media presence), AI Automation (missing automated booking/inquiry workflows)]. [Actionable: Direct Phone available for outreach].",geoapify,2026-08-19 09:58:56
180,Wittstock,clothing store,Berlin,Germany,+49307915437,info@schuhhauswittstock.de,https://www.schuhhauswittstock.de/filiale.asp?shoid=129,"Wittstock, Schloßstraße 32, 12163 Berlin, Germany",,,,,,25,COLD,actionable,True,"AI Automation, Google Ads, SEO, Social Media Marketing","Priority COLD (Score 25/100): SEO defects detected (missing_h1) (+15); No active social media channels (+10). Recommended: [SEO (technical defects: missing_h1), Google Ads (paid search recovery for organic search/review gaps), Social Media Marketing (zero active social media presence), AI Automation (missing automated booking/inquiry workflows)]. [Actionable: Direct Phone, Email available for outreach].",geoapify,2026-08-19 09:58:56
181,Esther Thomas,clothing store,Berlin,Germany,,info@estherthomas.berlin,https://www.estherthomas.berlin/,"Esther Thomas, Knesebeckstraße, 10623 Berlin, Germany",,https://www.instagram.com/esther_thomas_modedesign/,,,,15,COLD,actionable,True,"AI Automation, Google Ads, SEO, Social Media Management","Priority COLD (Score 15/100): SEO defects detected (multiple_h1) (+15). Recommended: [SEO (technical defects: multiple_h1), Google Ads (paid search recovery for organic search/review gaps), Social Media Management (incomplete multichannel social presence), AI Automation (missing automated booking/inquiry workflows)]. [Actionable: Direct Email available for outreach].",geoapify,2026-08-19 09:58:56
182,Enderlein Moden,clothing store,Berlin,Germany,+49308338068,605a7baede844d278b89dc95ae0a9123@sentry-next.wixpress.com,https://www.enderlein-moden.de/,"Enderlein Moden, Curtiusstraße 8, 12205 Berlin, Germany",https://www.facebook.com/EnderleinMode,https://www.instagram.com/enderleinmode/,,,,15,COLD,actionable,True,"AI Automation, Google Ads, SEO, Social Media Management","Priority COLD (Score 15/100): SEO defects detected (missing_meta_description, multiple_h1) (+15). Recommended: [SEO (technical defects: missing_meta_description, multiple_h1), Google Ads (paid search recovery for organic search/review gaps), Social Media Management (incomplete multichannel social presence), AI Automation (missing automated booking/inquiry workflows)]. [Actionable: Direct Phone, Email available for outreach].",geoapify,2026-08-19 09:58:56
183,Fadeninsel,clothing store,Berlin,Germany,+49306156994,marita.tenberg@fadeninsel.de,https://fadeninsel.de,"Fadeninsel, Oranienstraße 23, 10999 Berlin, Germany",https://www.facebook.com/Fadeninsel,http://www.instagram.com/fadeninsel,,,,15,COLD,actionable,True,"AI Automation, Google Ads, SEO, Social Media Management","Priority COLD (Score 15/100): SEO defects detected (missing_meta_description, multiple_h1) (+15). Recommended: [SEO (technical defects: missing_meta_description, multiple_h1), Google Ads (paid search recovery for organic search/review gaps), Social Media Management (incomplete multichannel social presence), AI Automation (missing automated booking/inquiry workflows)]. [Actionable: Direct Phone, Email available for outreach].",geoapify,2026-08-19 09:58:56
184,Voo,clothing store,Berlin,Germany,+49306957972710,store@vooberlin.com,https://www.vooberlin.com,"Voo, Oranienstraße 24, 10999 Berlin, Germany",,https://instagram.com/voostore,,,,0,COLD,actionable,True,"AI Automation, Google Shopping, Mobile App Development, Social Media Management","Priority COLD (Score 0/100): Baseline technical presence. Recommended: [Google Shopping (active e-commerce catalog detected), Social Media Management (incomplete multichannel social presence), AI Automation (missing automated booking/inquiry workflows), Mobile App Development (high-frequency mobile loyalty/ordering)]. [Actionable: Direct Phone, Email available for outreach].",geoapify,2026-08-19 09:58:56
185,Luzifer,clothing store,Berlin,Germany,+49306152239,mail@luzifer.com,https://www.luzifer.com/,"Luzifer, Oranienstraße 169, 10999 Berlin, Germany",https://www.facebook.com/Luzifer.Leinenkleidung,,,,,15,COLD,actionable,True,"AI Automation, Google Ads, SEO, Social Media Management","Priority COLD (Score 15/100): SEO defects detected (missing_h1) (+15). Recommended: [SEO (technical defects: missing_h1), Google Ads (paid search recovery for organic search/review gaps), Social Media Management (incomplete multichannel social presence), AI Automation (missing automated booking/inquiry workflows)]. [Actionable: Direct Phone, Email available for outreach].",geoapify,2026-08-19 09:58:56
186,kitsch-nation,clothing store,Berlin,Germany,+493053083818,info@kitsch-nation.de,http://www.kitsch-nation.de,"kitsch-nation, Schönleinstraße 24, 10967 Berlin, Germany",,,,,,40,WARM,actionable,True,"SEO, Social Media Marketing, Web Development","Priority WARM (Score 40/100): No active website found (+30); No active social media channels (+10). Recommended: [Web Development (no active website found), SEO (initial local search setup for new web build), Social Media Marketing (zero active social media presence)]. [Actionable: Direct Phone, Email available for outreach].",geoapify,2026-08-19 09:58:56
187,Weekday,clothing store,Berlin,Germany,+493020077190,,https://www.weekday.com/,"Weekday, Friedrichstrasse 140, 10117 Berlin, Germany",,,,,,40,WARM,actionable,True,"SEO, Social Media Marketing, Web Development","Priority WARM (Score 40/100): No active website found (+30); No active social media channels (+10). Recommended: [Web Development (no active website found), SEO (initial local search setup for new web build), Social Media Marketing (zero active social media presence)]. [Actionable: Direct Phone available for outreach].",geoapify,2026-08-19 09:58:56
188,Ulla Popken,clothing store,Berlin,Germany,+493088625566,,https://www.ullapopken.de/,"Ulla Popken, Kurfürstendamm 37, 10719 Berlin, Germany",,,,,,40,WARM,actionable,True,"SEO, Social Media Marketing, Web Development","Priority WARM (Score 40/100): No active website found (+30); No active social media channels (+10). Recommended: [Web Development (no active website found), SEO (initial local search setup for new web build), Social Media Marketing (zero active social media presence)]. [Actionable: Direct Phone available for outreach].",geoapify,2026-08-19 09:58:56
189,Lieblinge,clothing store,Berlin,Germany,+493044737644,mail@lieblinge.com,https://lieblinge.com/,"Lieblinge, Schönfließer Straße 1, 10439 Berlin, Germany",,,,,,25,COLD,actionable,True,"AI Automation, Google Ads, Google Shopping, Mobile App Development, SEO, Social Media Marketing","Priority COLD (Score 25/100): SEO defects detected (multiple_h1) (+15); No active social media channels (+10). Recommended: [SEO (technical defects: multiple_h1), Google Ads (paid search recovery for organic search/review gaps), Google Shopping (active e-commerce catalog detected), Social Media Marketing (zero active social media presence), AI Automation (missing automated booking/inquiry workflows), Mobile App Development (high-frequency mobile loyalty/ordering)]. [Actionable: Direct Phone, Email available for outreach].",geoapify,2026-08-19 09:58:56
190,Berlin Dental Spa,dentist,Berlin,DE,+4930123456,info@berlindental.de,https://berlindental.de,,,,,,,45,WARM,actionable,True,"SEO, Google Ads, Web App Development",Priority WARM (Score 45/100): Test reasons.,"osm, geoapify",2026-08-19 10:15:08
191,Karachi Local Barber,salon,Karachi,PK,,,,,,,,,,70,HOT,needs_manual_lookup,False,"Web Development, SEO, Social Media Marketing",Priority HOT (Score 70/100): No website found.,osm,2026-08-19 10:15:08
192,London Dental Studio,dentist,London,GB,+442079460999,,https://londondental.co.uk,,,,,,,15,COLD,actionable,True,Social Media Management,Priority COLD (Score 15/100): Minimal issues.,geoapify,2026-08-19 10:15:08
193,Berlin Dental Spa,dentist,Berlin,DE,+4930123456,info@berlindental.de,https://berlindental.de,,,,,,,45,WARM,actionable,True,"SEO, Google Ads, Web App Development",Priority WARM (Score 45/100): Test reasons.,"osm, geoapify",2026-08-19 10:15:08
194,Karachi Local Barber,salon,Karachi,PK,,,,,,,,,,70,HOT,needs_manual_lookup,False,"Web Development, SEO, Social Media Marketing",Priority HOT (Score 70/100): No website found.,osm,2026-08-19 10:15:08
195,London Dental Studio,dentist,London,GB,+442079460999,,https://londondental.co.uk,,,,,,,15,COLD,actionable,True,Social Media Management,Priority COLD (Score 15/100): Minimal issues.,geoapify,2026-08-19 10:15:08
196,Berlin Dental Spa,dentist,Berlin,DE,+4930123456,info@berlindental.de,https://berlindental.de,,,,,,,45,WARM,actionable,True,"SEO, Google Ads, Web App Development",Priority WARM (Score 45/100): Test reasons.,"osm, geoapify",2026-08-19 10:15:08
197,Karachi Local Barber,salon,Karachi,PK,,,,,,,,,,70,HOT,needs_manual_lookup,False,"Web Development, SEO, Social Media Marketing",Priority HOT (Score 70/100): No website found.,osm,2026-08-19 10:15:08
198,London Dental Studio,dentist,London,GB,+442079460999,,https://londondental.co.uk,,,,,,,15,COLD,actionable,True,Social Media Management,Priority COLD (Score 15/100): Minimal issues.,geoapify,2026-08-19 10:15:08
199,Berlin Dental Spa,dentist,Berlin,DE,+4930123456,info@berlindental.de,https://berlindental.de,,,,,,,45,WARM,actionable,True,"SEO, Google Ads, Web App Development",Priority WARM (Score 45/100): Test reasons.,"osm, geoapify",2026-08-19 10:15:08
200,Karachi Local Barber,salon,Karachi,PK,,,,,,,,,,70,HOT,needs_manual_lookup,False,"Web Development, SEO, Social Media Marketing",Priority HOT (Score 70/100): No website found.,osm,2026-08-19 10:15:08
201,London Dental Studio,dentist,London,GB,+442079460999,,https://londondental.co.uk,,,,,,,15,COLD,actionable,True,Social Media Management,Priority COLD (Score 15/100): Minimal issues.,geoapify,2026-08-19 10:15:08
202,Berlin Dental Spa,dentist,Berlin,DE,+4930123456,info@berlindental.de,https://berlindental.de,,,,,,,45,WARM,actionable,True,"SEO, Google Ads, Web App Development",Priority WARM (Score 45/100): Test reasons.,"osm, geoapify",2026-08-19 10:15:08
203,Karachi Local Barber,salon,Karachi,PK,,,,,,,,,,70,HOT,needs_manual_lookup,False,"Web Development, SEO, Social Media Marketing",Priority HOT (Score 70/100): No website found.,osm,2026-08-19 10:15:08
204,London Dental Studio,dentist,London,GB,+442079460999,,https://londondental.co.uk,,,,,,,15,COLD,actionable,True,Social Media Management,Priority COLD (Score 15/100): Minimal issues.,geoapify,2026-08-19 10:15:08
205,Berlin Dental Spa,dentist,Berlin,DE,+4930123456,info@berlindental.de,https://berlindental.de,,,,,,,45,WARM,actionable,True,"SEO, Google Ads, Web App Development",Priority WARM (Score 45/100): Test reasons.,"osm, geoapify",2026-08-19 10:15:09
206,Karachi Local Barber,salon,Karachi,PK,,,,,,,,,,70,HOT,needs_manual_lookup,False,"Web Development, SEO, Social Media Marketing",Priority HOT (Score 70/100): No website found.,osm,2026-08-19 10:15:09
207,London Dental Studio,dentist,London,GB,+442079460999,,https://londondental.co.uk,,,,,,,15,COLD,actionable,True,Social Media Management,Priority COLD (Score 15/100): Minimal issues.,geoapify,2026-08-19 10:15:09
208,Berlin Dental Spa,dentist,Berlin,DE,+4930123456,info@berlindental.de,https://berlindental.de,,,,,,,45,WARM,actionable,True,"SEO, Google Ads, Web App Development",Priority WARM (Score 45/100): Test reasons.,"osm, geoapify",2026-08-19 10:15:09
209,Karachi Local Barber,salon,Karachi,PK,,,,,,,,,,70,HOT,needs_manual_lookup,False,"Web Development, SEO, Social Media Marketing",Priority HOT (Score 70/100): No website found.,osm,2026-08-19 10:15:09
210,London Dental Studio,dentist,London,GB,+442079460999,,https://londondental.co.uk,,,,,,,15,COLD,actionable,True,Social Media Management,Priority COLD (Score 15/100): Minimal issues.,geoapify,2026-08-19 10:15:09
